ticker,tp_pct,sl_pct,trades,win_rate,avg_pnl,avg_win,avg_loss,best,worst,avg_hold,final_cap,total_ret,cagr,max_dd,calmar,tp_hits,sl_hits,score_exits,time_exits
BSE.NS,2.0,10.0,55,76.4,3.55,6.74,-6.74,21.88,-13.8,7.1,602078.49,502.08,32.24,20.66,1.56,42,1,12,0
BSE.NS,2.0,25.0,55,76.4,3.55,6.74,-6.74,21.88,-13.8,7.1,602078.49,502.08,32.24,20.66,1.56,42,0,13,0
BSE.NS,2.0,15.0,55,76.4,3.55,6.74,-6.74,21.88,-13.8,7.1,602078.49,502.08,32.24,20.66,1.56,42,0,13,0
BSE.NS,2.0,20.0,55,76.4,3.55,6.74,-6.74,21.88,-13.8,7.1,602078.49,502.08,32.24,20.66,1.56,42,0,13,0
ANANDRATHI.NS,2.0,10.0,37,73.0,1.4,3.19,-3.45,10.5,-6.55,8.9,163057.25,63.06,12.24,13.7,0.89,24,0,11,2
ANANDRATHI.NS,2.0,15.0,37,73.0,1.4,3.19,-3.45,10.5,-6.55,8.9,163057.25,63.06,12.24,13.7,0.89,24,0,11,2
ANANDRATHI.NS,2.0,20.0,37,73.0,1.4,3.19,-3.45,10.5,-6.55,8.9,163057.25,63.06,12.24,13.7,0.89,24,0,11,2
ANANDRATHI.NS,2.0,5.0,37,73.0,1.4,3.19,-3.44,10.5,-6.55,8.7,163235.26,63.24,12.26,13.56,0.9,24,4,7,2
ANANDRATHI.NS,2.0,25.0,37,73.0,1.4,3.19,-3.45,10.5,-6.55,8.9,163057.25,63.06,12.24,13.7,0.89,24,0,11,2
HBLENGINE.NS,2.0,25.0,11,72.7,1.16,4.22,-7.0,8.43,-9.46,5.7,111759.85,11.76,9.44,9.42,1.0,8,0,3,0
HBLENGINE.NS,2.0,15.0,11,72.7,1.16,4.22,-7.0,8.43,-9.46,5.7,111759.85,11.76,9.44,9.42,1.0,8,0,3,0
HBLENGINE.NS,2.0,10.0,11,72.7,1.16,4.22,-7.0,8.43,-9.46,5.7,111759.85,11.76,9.44,9.42,1.0,8,0,3,0
HBLENGINE.NS,2.0,5.0,11,72.7,1.16,4.22,-7.0,8.43,-9.46,5.7,111759.85,11.76,9.44,9.42,1.0,8,2,1,0
HBLENGINE.NS,2.0,20.0,11,72.7,1.16,4.22,-7.0,8.43,-9.46,5.7,111759.85,11.76,9.44,9.42,1.0,8,0,3,0
KARURVYSYA.NS,2.0,25.0,54,70.4,2.08,5.07,-5.0,20.06,-8.61,9.0,280599.1,180.6,17.42,18.57,0.94,37,0,17,0
BSE.NS,3.0,15.0,54,70.4,3.19,7.32,-6.61,21.88,-13.8,7.9,474852.37,374.85,27.44,26.84,1.02,38,0,16,0
BSE.NS,3.0,20.0,54,70.4,3.19,7.32,-6.61,21.88,-13.8,7.9,474852.37,374.85,27.44,26.84,1.02,38,0,16,0
BSE.NS,3.0,10.0,54,70.4,3.19,7.32,-6.61,21.88,-13.8,7.9,474852.37,374.85,27.44,26.84,1.02,38,1,15,0
BSE.NS,3.0,25.0,54,70.4,3.19,7.32,-6.61,21.88,-13.8,7.9,474852.37,374.85,27.44,26.84,1.02,38,0,16,0
KARURVYSYA.NS,2.0,10.0,54,70.4,2.08,5.07,-5.0,20.06,-8.61,9.0,280599.1,180.6,17.42,18.57,0.94,37,0,17,0
KARURVYSYA.NS,2.0,20.0,54,70.4,2.08,5.07,-5.0,20.06,-8.61,9.0,280599.1,180.6,17.42,18.57,0.94,37,0,17,0
KARURVYSYA.NS,2.0,15.0,54,70.4,2.08,5.07,-5.0,20.06,-8.61,9.0,280599.1,180.6,17.42,18.57,0.94,37,0,17,0
HINDALCO.NS,2.0,5.0,60,70.0,1.37,4.04,-4.85,8.34,-13.01,6.6,213457.45,113.46,12.53,14.03,0.89,43,7,10,0
HINDALCO.NS,2.0,25.0,60,70.0,1.37,4.04,-4.85,8.34,-13.01,6.6,213457.45,113.46,12.53,14.03,0.89,43,0,17,0
HINDALCO.NS,2.0,20.0,60,70.0,1.37,4.04,-4.85,8.34,-13.01,6.6,213457.45,113.46,12.53,14.03,0.89,43,0,17,0
HINDALCO.NS,2.0,10.0,60,70.0,1.37,4.04,-4.85,8.34,-13.01,6.6,213457.45,113.46,12.53,14.03,0.89,43,1,16,0
HINDALCO.NS,2.0,15.0,60,70.0,1.37,4.04,-4.85,8.34,-13.01,6.6,213457.45,113.46,12.53,14.03,0.89,43,0,17,0
BSE.NS,2.0,5.0,58,69.0,2.92,6.77,-5.64,21.88,-10.27,6.5,468177.62,368.18,27.16,16.94,1.6,40,15,3,0
HINDALCO.NS,3.0,25.0,57,68.4,2.05,5.15,-4.68,10.22,-13.01,8.1,295563.05,195.56,18.37,14.04,1.31,39,0,18,0
HINDALCO.NS,3.0,5.0,57,68.4,2.05,5.15,-4.68,10.22,-13.01,8.1,295563.05,195.56,18.37,14.04,1.31,39,7,11,0
HINDALCO.NS,3.0,15.0,57,68.4,2.05,5.15,-4.68,10.22,-13.01,8.1,295563.05,195.56,18.37,14.04,1.31,39,0,18,0
HINDALCO.NS,3.0,20.0,57,68.4,2.05,5.15,-4.68,10.22,-13.01,8.1,295563.05,195.56,18.37,14.04,1.31,39,0,18,0
HINDALCO.NS,3.0,10.0,57,68.4,2.05,5.15,-4.68,10.22,-13.01,8.1,295563.05,195.56,18.37,14.04,1.31,39,1,17,0
KARURVYSYA.NS,3.0,10.0,50,68.0,2.33,5.97,-5.41,20.06,-8.92,10.2,288220.45,188.22,17.91,18.57,0.96,33,0,17,0
KARURVYSYA.NS,3.0,15.0,50,68.0,2.33,5.97,-5.41,20.06,-8.92,10.2,288220.45,188.22,17.91,18.57,0.96,33,0,17,0
KARURVYSYA.NS,3.0,20.0,50,68.0,2.33,5.97,-5.41,20.06,-8.92,10.2,288220.45,188.22,17.91,18.57,0.96,33,0,17,0
KARURVYSYA.NS,3.0,25.0,50,68.0,2.33,5.97,-5.41,20.06,-8.92,10.2,288220.45,188.22,17.91,18.57,0.96,33,0,17,0
BAJFINANCE.NS,2.0,20.0,45,66.7,1.12,3.59,-3.81,8.09,-7.35,8.8,159726.72,59.73,7.56,17.71,0.43,29,0,16,0
BAJFINANCE.NS,2.0,15.0,45,66.7,1.12,3.59,-3.81,8.09,-7.35,8.8,159726.72,59.73,7.56,17.71,0.43,29,0,16,0
LAURUSLABS.NS,3.0,15.0,54,66.7,1.41,4.73,-5.23,12.61,-8.83,9.0,198738.2,98.74,11.28,25.5,0.44,36,0,18,0
LAURUSLABS.NS,3.0,25.0,54,66.7,1.41,4.73,-5.23,12.61,-8.83,9.0,198738.2,98.74,11.28,25.5,0.44,36,0,18,0
LAURUSLABS.NS,2.0,15.0,57,66.7,1.0,4.03,-5.08,12.61,-8.83,7.5,165308.53,65.31,8.14,29.81,0.27,39,0,18,0
BAJFINANCE.NS,2.0,25.0,45,66.7,1.12,3.59,-3.81,8.09,-7.35,8.8,159726.72,59.73,7.56,17.71,0.43,29,0,16,0
BAJFINANCE.NS,2.0,10.0,45,66.7,1.12,3.59,-3.81,8.09,-7.35,8.8,159726.72,59.73,7.56,17.71,0.43,29,0,16,0
ANANDRATHI.NS,3.0,15.0,36,66.7,1.81,4.56,-3.69,10.5,-6.55,11.4,183728.97,83.73,15.44,12.15,1.27,21,0,13,2
ANANDRATHI.NS,3.0,5.0,36,66.7,1.81,4.56,-3.68,10.5,-6.55,11.2,183995.82,84.0,15.48,12.08,1.28,21,5,8,2
ANANDRATHI.NS,3.0,20.0,36,66.7,1.81,4.56,-3.69,10.5,-6.55,11.4,183728.97,83.73,15.44,12.15,1.27,21,0,13,2
ANANDRATHI.NS,3.0,10.0,36,66.7,1.81,4.56,-3.69,10.5,-6.55,11.4,183728.97,83.73,15.44,12.15,1.27,21,0,13,2
ANANDRATHI.NS,3.0,25.0,36,66.7,1.81,4.56,-3.69,10.5,-6.55,11.4,183728.97,83.73,15.44,12.15,1.27,21,0,13,2
LAURUSLABS.NS,2.0,10.0,57,66.7,1.0,4.03,-5.08,12.61,-8.83,7.5,165308.53,65.31,8.14,29.81,0.27,39,0,18,0
LAURUSLABS.NS,2.0,20.0,57,66.7,1.0,4.03,-5.08,12.61,-8.83,7.5,165308.53,65.31,8.14,29.81,0.27,39,0,18,0
LAURUSLABS.NS,2.0,25.0,57,66.7,1.0,4.03,-5.08,12.61,-8.83,7.5,165308.53,65.31,8.14,29.81,0.27,39,0,18,0
LAURUSLABS.NS,3.0,10.0,54,66.7,1.41,4.73,-5.23,12.61,-8.83,9.0,198738.2,98.74,11.28,25.5,0.44,36,0,18,0
LAURUSLABS.NS,3.0,20.0,54,66.7,1.41,4.73,-5.23,12.61,-8.83,9.0,198738.2,98.74,11.28,25.5,0.44,36,0,18,0
TVSMOTOR.NS,2.0,5.0,61,65.6,0.89,3.38,-3.86,6.9,-8.23,8.2,163756.25,63.76,7.98,26.21,0.3,38,7,16,0
TVSMOTOR.NS,2.0,20.0,61,65.6,0.88,3.38,-3.9,6.9,-8.23,8.6,162179.3,62.18,7.82,27.13,0.29,38,0,22,1
TVSMOTOR.NS,2.0,25.0,61,65.6,0.88,3.38,-3.9,6.9,-8.23,8.6,162179.3,62.18,7.82,27.13,0.29,38,0,22,1
TVSMOTOR.NS,2.0,15.0,61,65.6,0.88,3.38,-3.9,6.9,-8.23,8.6,162179.3,62.18,7.82,27.13,0.29,38,0,22,1
TVSMOTOR.NS,2.0,10.0,61,65.6,0.88,3.38,-3.9,6.9,-8.23,8.6,162179.3,62.18,7.82,27.13,0.29,38,0,22,1
BSE.NS,3.0,5.0,58,65.5,2.82,7.27,-5.64,21.88,-10.27,6.9,437183.31,337.18,25.81,19.3,1.34,38,17,3,0
BAJFINANCE.NS,2.0,5.0,46,65.2,0.92,3.76,-4.4,13.19,-13.21,8.4,145188.53,45.19,5.98,17.68,0.34,29,5,12,0
ASTERDM.NS,2.0,15.0,60,65.0,1.44,4.97,-5.11,17.06,-9.9,9.6,215293.0,115.29,12.68,24.96,0.51,40,0,19,1
ASTERDM.NS,2.0,25.0,60,65.0,1.44,4.97,-5.11,17.06,-9.9,9.6,215293.0,115.29,12.68,24.96,0.51,40,0,19,1
ASTERDM.NS,2.0,10.0,60,65.0,1.44,4.97,-5.11,17.06,-9.9,9.6,215293.0,115.29,12.68,24.96,0.51,40,0,19,1
ASTERDM.NS,2.0,20.0,60,65.0,1.44,4.97,-5.11,17.06,-9.9,9.6,215293.0,115.29,12.68,24.96,0.51,40,0,19,1
MARUTI.NS,2.0,5.0,54,64.8,1.43,3.69,-2.74,9.58,-6.41,7.9,202820.35,102.82,11.64,8.52,1.37,34,1,19,0
CUMMINSIND.NS,2.0,10.0,54,64.8,0.94,4.13,-4.94,13.81,-14.72,7.2,153897.9,53.9,6.94,23.98,0.29,35,0,19,0
CUMMINSIND.NS,2.0,20.0,54,64.8,0.94,4.13,-4.94,13.81,-14.72,7.2,153897.9,53.9,6.94,23.98,0.29,35,0,19,0
MARUTI.NS,2.0,25.0,54,64.8,1.43,3.69,-2.74,9.58,-6.41,7.9,202820.35,102.82,11.64,8.52,1.37,34,0,20,0
MARUTI.NS,2.0,20.0,54,64.8,1.43,3.69,-2.74,9.58,-6.41,7.9,202820.35,102.82,11.64,8.52,1.37,34,0,20,0
MARUTI.NS,2.0,15.0,54,64.8,1.43,3.69,-2.74,9.58,-6.41,7.9,202820.35,102.82,11.64,8.52,1.37,34,0,20,0
MARUTI.NS,2.0,10.0,54,64.8,1.43,3.69,-2.74,9.58,-6.41,7.9,202820.35,102.82,11.64,8.52,1.37,34,0,20,0
CUMMINSIND.NS,2.0,5.0,54,64.8,1.0,4.13,-4.76,13.81,-14.72,7.2,159891.05,59.89,7.58,23.94,0.32,35,6,13,0
CUMMINSIND.NS,2.0,15.0,54,64.8,0.94,4.13,-4.94,13.81,-14.72,7.2,153897.9,53.9,6.94,23.98,0.29,35,0,19,0
CUMMINSIND.NS,2.0,25.0,54,64.8,0.94,4.13,-4.94,13.81,-14.72,7.2,153897.9,53.9,6.94,23.98,0.29,35,0,19,0
FORTIS.NS,2.0,10.0,62,64.5,0.91,3.99,-4.71,6.9,-9.41,8.4,164397.3,64.4,8.04,21.27,0.38,40,1,21,0
FORTIS.NS,2.0,15.0,62,64.5,0.91,3.99,-4.71,6.9,-9.41,8.4,164397.3,64.4,8.04,21.27,0.38,40,0,22,0
FORTIS.NS,2.0,20.0,62,64.5,0.91,3.99,-4.71,6.9,-9.41,8.4,164397.3,64.4,8.04,21.27,0.38,40,0,22,0
FORTIS.NS,2.0,25.0,62,64.5,0.91,3.99,-4.71,6.9,-9.41,8.4,164397.3,64.4,8.04,21.27,0.38,40,0,22,0
HEROMOTOCO.NS,2.0,15.0,42,64.3,1.03,3.46,-3.34,8.28,-9.34,7.4,149108.15,49.11,6.42,13.57,0.47,27,0,15,0
HEROMOTOCO.NS,2.0,10.0,42,64.3,1.03,3.46,-3.34,8.28,-9.34,7.4,149108.15,49.11,6.42,13.57,0.47,27,0,15,0
HEROMOTOCO.NS,2.0,20.0,42,64.3,1.03,3.46,-3.34,8.28,-9.34,7.4,149108.15,49.11,6.42,13.57,0.47,27,0,15,0
HEROMOTOCO.NS,2.0,25.0,42,64.3,1.03,3.46,-3.34,8.28,-9.34,7.4,149108.15,49.11,6.42,13.57,0.47,27,0,15,0
SHRIRAMFIN.NS,2.0,25.0,64,64.1,0.85,4.37,-5.42,20.07,-10.24,7.1,156938.77,56.94,7.27,28.35,0.26,41,0,23,0
SHRIRAMFIN.NS,2.0,20.0,64,64.1,0.85,4.37,-5.42,20.07,-10.24,7.1,156938.77,56.94,7.27,28.35,0.26,41,0,23,0
SHRIRAMFIN.NS,2.0,15.0,64,64.1,0.85,4.37,-5.42,20.07,-10.24,7.1,156938.77,56.94,7.27,28.35,0.26,41,0,23,0
SHRIRAMFIN.NS,2.0,10.0,64,64.1,0.85,4.37,-5.42,20.07,-10.24,7.1,156938.77,56.94,7.27,28.35,0.26,41,1,22,0
LAURUSLABS.NS,2.0,5.0,58,63.8,0.78,4.18,-5.22,15.33,-8.83,7.0,145503.69,45.5,6.01,29.51,0.2,38,13,7,0
LAURUSLABS.NS,3.0,5.0,55,63.6,1.17,4.91,-5.37,15.33,-8.83,8.5,175230.65,75.23,9.12,25.09,0.36,35,13,7,0
SHRIRAMFIN.NS,3.0,25.0,62,62.9,1.21,5.12,-5.42,20.07,-10.24,7.8,190721.09,90.72,10.57,26.9,0.39,38,0,24,0
SHRIRAMFIN.NS,3.0,20.0,62,62.9,1.21,5.12,-5.42,20.07,-10.24,7.8,190721.09,90.72,10.57,26.9,0.39,38,0,24,0
SHRIRAMFIN.NS,3.0,15.0,62,62.9,1.21,5.12,-5.42,20.07,-10.24,7.8,190721.09,90.72,10.57,26.9,0.39,38,0,24,0
SHRIRAMFIN.NS,3.0,10.0,62,62.9,1.21,5.12,-5.42,20.07,-10.24,7.8,190721.09,90.72,10.57,26.9,0.39,38,1,23,0
HEROMOTOCO.NS,2.0,5.0,43,62.8,1.0,3.46,-3.16,8.28,-5.48,7.1,148395.65,48.4,6.34,14.25,0.44,27,4,12,0
KARURVYSYA.NS,2.0,5.0,59,62.7,1.38,5.17,-5.0,20.06,-10.94,7.7,202713.16,102.71,11.63,23.42,0.5,36,11,12,0
BSE.NS,5.0,25.0,51,62.7,3.08,8.43,-5.94,22.84,-13.8,9.1,401275.37,301.28,24.14,26.88,0.9,31,0,20,0
BSE.NS,5.0,20.0,51,62.7,3.08,8.43,-5.94,22.84,-13.8,9.1,401275.37,301.28,24.14,26.88,0.9,31,0,20,0
BSE.NS,5.0,10.0,51,62.7,3.08,8.43,-5.94,22.84,-13.8,9.1,401275.37,301.28,24.14,26.88,0.9,31,1,19,0
BSE.NS,5.0,15.0,51,62.7,3.08,8.43,-5.94,22.84,-13.8,9.1,401275.37,301.28,24.14,26.88,0.9,31,0,20,0
CANBK.NS,2.0,25.0,56,62.5,0.51,3.84,-5.03,12.0,-13.35,6.6,124584.66,24.58,3.48,23.21,0.15,35,0,21,0
CANBK.NS,2.0,10.0,56,62.5,0.53,3.84,-5.0,12.0,-12.63,6.6,125620.68,25.62,3.61,23.21,0.16,35,1,20,0
CANBK.NS,2.0,20.0,56,62.5,0.51,3.84,-5.03,12.0,-13.35,6.6,124584.66,24.58,3.48,23.21,0.15,35,0,21,0
CANBK.NS,2.0,15.0,56,62.5,0.51,3.84,-5.03,12.0,-13.35,6.6,124584.66,24.58,3.48,23.21,0.15,35,0,21,0
FORTIS.NS,2.0,5.0,64,62.5,0.82,4.03,-4.54,6.9,-7.44,7.9,158016.15,58.02,7.38,21.24,0.35,40,9,15,0
SHRIRAMFIN.NS,3.0,5.0,64,62.5,1.21,5.12,-5.3,20.07,-10.24,6.9,195448.55,95.45,10.99,26.04,0.42,39,17,8,0
CHOLAFIN.NS,2.0,25.0,61,62.3,0.94,4.62,-5.16,19.5,-11.86,6.4,161029.75,61.03,7.7,28.2,0.27,38,0,23,0
CHOLAFIN.NS,2.0,20.0,61,62.3,0.94,4.62,-5.16,19.5,-11.86,6.4,161029.75,61.03,7.7,28.2,0.27,38,0,23,0
CHOLAFIN.NS,2.0,15.0,61,62.3,0.94,4.62,-5.16,19.5,-11.86,6.4,161029.75,61.03,7.7,28.2,0.27,38,0,23,0
CHOLAFIN.NS,2.0,10.0,61,62.3,0.94,4.62,-5.16,19.5,-11.86,6.4,161029.75,61.03,7.7,28.2,0.27,38,1,22,0
SHRIRAMFIN.NS,2.0,5.0,66,62.1,0.74,4.39,-5.25,20.07,-10.24,6.4,148363.87,48.36,6.33,27.52,0.23,41,18,7,0
FORTIS.NS,3.0,15.0,60,61.7,1.05,4.6,-4.67,6.9,-9.41,9.5,174541.9,74.54,9.06,21.25,0.43,37,0,23,0
FORTIS.NS,3.0,25.0,60,61.7,1.05,4.6,-4.67,6.9,-9.41,9.5,174541.9,74.54,9.06,21.25,0.43,37,0,23,0
FORTIS.NS,3.0,20.0,60,61.7,1.05,4.6,-4.67,6.9,-9.41,9.5,174541.9,74.54,9.06,21.25,0.43,37,0,23,0
FORTIS.NS,3.0,10.0,60,61.7,1.05,4.6,-4.67,6.9,-9.41,9.5,174541.9,74.54,9.06,21.25,0.43,37,1,22,0
CUMMINSIND.NS,3.0,20.0,52,61.5,1.14,5.05,-5.11,13.81,-14.72,8.9,165556.35,65.56,8.16,24.11,0.34,31,0,21,0
CUMMINSIND.NS,3.0,5.0,52,61.5,1.21,5.05,-4.93,13.81,-14.72,8.8,171998.85,72.0,8.81,24.07,0.37,31,7,14,0
CUMMINSIND.NS,3.0,15.0,52,61.5,1.14,5.05,-5.11,13.81,-14.72,8.9,165556.35,65.56,8.16,24.11,0.34,31,0,21,0
CUMMINSIND.NS,3.0,10.0,52,61.5,1.14,5.05,-5.11,13.81,-14.72,8.9,165556.35,65.56,8.16,24.11,0.34,31,0,21,0
CUMMINSIND.NS,3.0,25.0,52,61.5,1.14,5.05,-5.11,13.81,-14.72,8.9,165556.35,65.56,8.16,24.11,0.34,31,0,21,0
HINDALCO.NS,5.0,25.0,54,61.1,2.26,6.61,-4.58,13.39,-13.01,10.8,303307.5,203.31,18.85,13.79,1.37,32,0,22,0
HINDALCO.NS,5.0,5.0,54,61.1,2.26,6.61,-4.58,13.39,-13.01,10.8,303307.5,203.31,18.85,13.79,1.37,32,8,14,0
HINDALCO.NS,5.0,15.0,54,61.1,2.26,6.61,-4.58,13.39,-13.01,10.8,303307.5,203.31,18.85,13.79,1.37,32,0,22,0
HINDALCO.NS,5.0,10.0,54,61.1,2.26,6.61,-4.58,13.39,-13.01,10.8,303307.5,203.31,18.85,13.79,1.37,32,1,21,0
HINDALCO.NS,5.0,20.0,54,61.1,2.26,6.61,-4.58,13.39,-13.01,10.8,303307.5,203.31,18.85,13.79,1.37,32,0,22,0
TVSMOTOR.NS,3.0,25.0,59,61.0,1.05,4.18,-3.84,9.12,-8.23,9.8,175039.9,75.04,9.1,27.13,0.34,34,0,24,1
TVSMOTOR.NS,3.0,10.0,59,61.0,1.05,4.18,-3.84,9.12,-8.23,9.8,175039.9,75.04,9.1,27.13,0.34,34,0,24,1
TVSMOTOR.NS,3.0,15.0,59,61.0,1.05,4.18,-3.84,9.12,-8.23,9.8,175039.9,75.04,9.1,27.13,0.34,34,0,24,1
TVSMOTOR.NS,3.0,20.0,59,61.0,1.05,4.18,-3.84,9.12,-8.23,9.8,175039.9,75.04,9.1,27.13,0.34,34,0,24,1
TVSMOTOR.NS,3.0,5.0,59,61.0,1.07,4.18,-3.8,9.12,-8.23,9.4,177027.2,77.03,9.3,26.21,0.35,34,7,18,0
KARURVYSYA.NS,3.0,5.0,56,60.7,1.7,6.22,-5.29,20.06,-10.94,8.6,229266.29,129.27,13.79,23.42,0.59,33,12,11,0
ASTERDM.NS,2.0,5.0,66,60.6,1.38,5.21,-4.53,17.06,-8.95,7.8,222808.5,122.81,13.28,29.51,0.45,41,14,11,0
ASTERDM.NS,3.0,10.0,58,60.3,1.46,5.56,-4.77,17.06,-9.9,11.5,210359.1,110.36,12.27,24.59,0.5,34,0,21,3
ASTERDM.NS,3.0,25.0,58,60.3,1.46,5.56,-4.77,17.06,-9.9,11.5,210359.1,110.36,12.27,24.59,0.5,34,0,21,3
ASTERDM.NS,3.0,15.0,58,60.3,1.46,5.56,-4.77,17.06,-9.9,11.5,210359.1,110.36,12.27,24.59,0.5,34,0,21,3
ASTERDM.NS,3.0,20.0,58,60.3,1.46,5.56,-4.77,17.06,-9.9,11.5,210359.1,110.36,12.27,24.59,0.5,34,0,21,3
BHARTIARTL.NS,2.0,15.0,63,60.3,0.56,3.14,-3.36,6.53,-10.74,9.0,136079.98,36.08,4.91,20.43,0.24,36,0,27,0
BHARTIARTL.NS,2.0,25.0,63,60.3,0.56,3.14,-3.36,6.53,-10.74,9.0,136079.98,36.08,4.91,20.43,0.24,36,0,27,0
BHARTIARTL.NS,2.0,20.0,63,60.3,0.56,3.14,-3.36,6.53,-10.74,9.0,136079.98,36.08,4.91,20.43,0.24,36,0,27,0
BHARTIARTL.NS,2.0,10.0,63,60.3,0.56,3.14,-3.36,6.53,-10.74,9.0,136079.98,36.08,4.91,20.43,0.24,36,0,27,0
CHOLAFIN.NS,2.0,5.0,62,59.7,0.69,4.68,-5.23,19.5,-11.86,6.2,138833.6,38.83,5.24,31.34,0.17,37,14,11,0
FORTIS.NS,3.0,5.0,62,59.7,0.94,4.63,-4.51,6.9,-7.44,8.9,167068.8,67.07,8.32,21.25,0.39,37,11,14,0
CHOLAFIN.NS,3.0,25.0,59,59.3,1.1,5.23,-4.91,19.5,-11.86,6.9,173713.1,73.71,8.98,30.4,0.3,35,0,24,0
CHOLAFIN.NS,3.0,10.0,59,59.3,1.1,5.23,-4.91,19.5,-11.86,6.9,173713.1,73.71,8.98,30.4,0.3,35,1,23,0
CHOLAFIN.NS,3.0,20.0,59,59.3,1.1,5.23,-4.91,19.5,-11.86,6.9,173713.1,73.71,8.98,30.4,0.3,35,0,24,0
CHOLAFIN.NS,3.0,15.0,59,59.3,1.1,5.23,-4.91,19.5,-11.86,6.9,173713.1,73.71,8.98,30.4,0.3,35,0,24,0
MUTHOOTFIN.NS,2.0,10.0,59,59.3,0.49,4.2,-4.92,11.21,-13.0,8.2,123786.45,23.79,3.38,23.98,0.14,34,1,24,0
BSE.NS,5.0,5.0,54,59.3,2.91,8.5,-5.24,22.84,-10.27,8.3,403585.84,303.59,24.26,19.29,1.26,31,17,6,0
MUTHOOTFIN.NS,2.0,25.0,59,59.3,0.49,4.2,-4.92,11.21,-13.0,8.2,123786.45,23.79,3.38,23.98,0.14,34,0,25,0
MUTHOOTFIN.NS,2.0,20.0,59,59.3,0.49,4.2,-4.92,11.21,-13.0,8.2,123786.45,23.79,3.38,23.98,0.14,34,0,25,0
MUTHOOTFIN.NS,2.0,15.0,59,59.3,0.49,4.2,-4.92,11.21,-13.0,8.2,123786.45,23.79,3.38,23.98,0.14,34,0,25,0
BHARTIARTL.NS,2.0,5.0,66,59.1,0.47,3.15,-3.41,6.53,-8.16,8.3,130437.44,30.44,4.22,23.96,0.18,37,5,24,0
CANBK.NS,2.0,5.0,61,59.0,0.37,4.03,-4.9,12.0,-8.12,5.9,116642.29,16.64,2.43,23.34,0.1,36,12,13,0
BAJFINANCE.NS,3.0,20.0,41,58.5,1.43,4.94,-3.53,8.09,-7.35,11.3,171586.61,71.59,8.77,17.72,0.49,24,0,17,0
BAJFINANCE.NS,3.0,10.0,41,58.5,1.43,4.94,-3.53,8.09,-7.35,11.3,171586.61,71.59,8.77,17.72,0.49,24,0,17,0
BAJFINANCE.NS,3.0,25.0,41,58.5,1.43,4.94,-3.53,8.09,-7.35,11.3,171586.61,71.59,8.77,17.72,0.49,24,0,17,0
BAJFINANCE.NS,3.0,15.0,41,58.5,1.43,4.94,-3.53,8.09,-7.35,11.3,171586.61,71.59,8.77,17.72,0.49,24,0,17,0
ABCAPITAL.NS,2.0,25.0,60,58.3,0.43,4.57,-5.37,11.29,-11.63,7.5,118607.45,18.61,2.69,34.71,0.08,35,0,25,0
ABCAPITAL.NS,2.0,15.0,60,58.3,0.43,4.57,-5.37,11.29,-11.63,7.5,118607.45,18.61,2.69,34.71,0.08,35,0,25,0
ABCAPITAL.NS,2.0,20.0,60,58.3,0.43,4.57,-5.37,11.29,-11.63,7.5,118607.45,18.61,2.69,34.71,0.08,35,0,25,0
ABCAPITAL.NS,2.0,10.0,60,58.3,0.43,4.57,-5.37,11.29,-11.63,7.5,118607.45,18.61,2.69,34.71,0.08,35,2,23,0
ASTERDM.NS,3.0,5.0,64,57.8,1.52,5.79,-4.34,17.06,-8.95,9.5,236483.7,136.48,14.34,24.66,0.58,36,14,13,1
INDIANB.NS,2.0,15.0,59,57.6,0.62,5.15,-5.54,17.48,-14.54,7.4,128544.35,28.54,3.99,23.52,0.17,35,0,24,0
INDIANB.NS,2.0,25.0,59,57.6,0.62,5.15,-5.54,17.48,-14.54,7.4,128544.35,28.54,3.99,23.52,0.17,35,0,24,0
INDIANB.NS,2.0,20.0,59,57.6,0.62,5.15,-5.54,17.48,-14.54,7.4,128544.35,28.54,3.99,23.52,0.17,35,0,24,0
INDIANB.NS,2.0,10.0,59,57.6,0.66,5.15,-5.44,17.48,-13.0,7.3,132065.5,32.07,4.42,22.73,0.19,35,2,22,0
BSE.NS,8.0,10.0,47,57.4,4.26,11.7,-5.78,21.88,-13.8,11.8,581285.96,481.29,31.52,26.89,1.17,25,1,21,0
BSE.NS,8.0,25.0,47,57.4,4.26,11.7,-5.78,21.88,-13.8,11.8,581285.96,481.29,31.52,26.89,1.17,25,0,22,0
CUMMINSIND.NS,5.0,20.0,47,57.4,2.15,7.07,-4.49,13.81,-14.72,11.7,246986.65,146.99,15.11,24.17,0.63,26,0,21,0
BSE.NS,8.0,20.0,47,57.4,4.26,11.7,-5.78,21.88,-13.8,11.8,581285.96,481.29,31.52,26.89,1.17,25,0,22,0
BSE.NS,8.0,15.0,47,57.4,4.26,11.7,-5.78,21.88,-13.8,11.8,581285.96,481.29,31.52,26.89,1.17,25,0,22,0
CUMMINSIND.NS,5.0,25.0,47,57.4,2.15,7.07,-4.49,13.81,-14.72,11.7,246986.65,146.99,15.11,24.17,0.63,26,0,21,0
CUMMINSIND.NS,5.0,5.0,47,57.4,2.23,7.07,-4.31,13.81,-14.72,11.6,256761.3,156.76,15.81,24.23,0.65,26,6,15,0
CUMMINSIND.NS,5.0,10.0,47,57.4,2.15,7.07,-4.49,13.81,-14.72,11.7,246986.65,146.99,15.11,24.17,0.63,26,0,21,0
CUMMINSIND.NS,5.0,15.0,47,57.4,2.15,7.07,-4.49,13.81,-14.72,11.7,246986.65,146.99,15.11,24.17,0.63,26,0,21,0
MUTHOOTFIN.NS,2.0,5.0,61,57.4,0.3,4.23,-4.99,11.21,-13.0,7.7,111429.25,11.43,1.7,25.89,0.07,34,11,16,0
BAJFINANCE.NS,3.0,5.0,42,57.1,1.2,5.15,-4.07,13.19,-13.21,10.9,155938.32,55.94,7.16,17.69,0.4,24,5,13,0
ABCAPITAL.NS,2.0,5.0,63,57.1,0.42,4.69,-5.27,11.29,-11.63,7.0,119149.4,19.15,2.76,34.23,0.08,36,17,10,0
ABCAPITAL.NS,3.0,20.0,58,56.9,0.8,5.3,-5.14,11.29,-11.63,8.5,145589.95,45.59,6.02,34.71,0.17,33,0,25,0
ABCAPITAL.NS,3.0,15.0,58,56.9,0.8,5.3,-5.14,11.29,-11.63,8.5,145589.95,45.59,6.02,34.71,0.17,33,0,25,0
ABCAPITAL.NS,3.0,10.0,58,56.9,0.8,5.3,-5.14,11.29,-11.63,8.5,145589.95,45.59,6.02,34.71,0.17,33,2,23,0
ABCAPITAL.NS,3.0,25.0,58,56.9,0.8,5.3,-5.14,11.29,-11.63,8.5,145589.95,45.59,6.02,34.71,0.17,33,0,25,0
INDIANB.NS,2.0,5.0,60,56.7,0.73,5.02,-4.88,17.48,-13.0,6.7,140719.7,40.72,5.46,22.71,0.24,35,10,15,0
CHOLAFIN.NS,3.0,5.0,60,56.7,0.76,5.16,-5.0,19.5,-11.86,6.6,142670.7,42.67,5.69,33.48,0.17,34,14,12,0
RBLBANK.NS,2.0,15.0,64,56.2,0.39,4.76,-5.24,24.88,-10.98,6.2,115107.45,15.11,2.21,30.31,0.07,37,0,27,0
RBLBANK.NS,2.0,20.0,64,56.2,0.39,4.76,-5.24,24.88,-10.98,6.2,115107.45,15.11,2.21,30.31,0.07,37,0,27,0
RBLBANK.NS,2.0,10.0,64,56.2,0.39,4.76,-5.24,24.88,-10.98,6.2,115107.45,15.11,2.21,30.31,0.07,37,2,25,0
RBLBANK.NS,2.0,25.0,64,56.2,0.39,4.76,-5.24,24.88,-10.98,6.2,115107.45,15.11,2.21,30.31,0.07,37,0,27,0
ABCAPITAL.NS,3.0,5.0,61,55.7,0.75,5.34,-5.04,11.29,-11.63,7.9,143436.73,43.44,5.78,34.23,0.17,34,15,12,0
MUTHOOTFIN.NS,3.0,15.0,56,55.4,0.56,4.79,-4.68,11.21,-13.0,9.4,126130.6,26.13,3.68,24.05,0.15,28,0,27,1
MUTHOOTFIN.NS,3.0,25.0,56,55.4,0.56,4.79,-4.68,11.21,-13.0,9.4,126130.6,26.13,3.68,24.05,0.15,28,0,27,1
MUTHOOTFIN.NS,3.0,20.0,56,55.4,0.56,4.79,-4.68,11.21,-13.0,9.4,126130.6,26.13,3.68,24.05,0.15,28,0,27,1
MUTHOOTFIN.NS,3.0,10.0,56,55.4,0.56,4.79,-4.68,11.21,-13.0,9.4,126130.6,26.13,3.68,24.05,0.15,28,1,26,1
KARURVYSYA.NS,5.0,20.0,47,55.3,2.31,7.98,-4.72,20.06,-8.92,13.6,260414.28,160.41,16.06,18.57,0.86,24,0,23,0
KARURVYSYA.NS,5.0,10.0,47,55.3,2.31,7.98,-4.72,20.06,-8.92,13.6,260414.28,160.41,16.06,18.57,0.86,24,0,23,0
KARURVYSYA.NS,5.0,15.0,47,55.3,2.31,7.98,-4.72,20.06,-8.92,13.6,260414.28,160.41,16.06,18.57,0.86,24,0,23,0
GMRINFRA.NS,2.0,15.0,47,55.3,0.53,6.0,-6.23,15.9,-15.59,6.8,113997.3,14.0,2.55,28.25,0.09,26,0,21,0
GMRINFRA.NS,2.0,20.0,47,55.3,0.53,6.0,-6.23,15.9,-15.59,6.8,113997.3,14.0,2.55,28.25,0.09,26,0,21,0
GMRINFRA.NS,2.0,10.0,47,55.3,0.53,6.0,-6.23,15.9,-15.59,6.8,113997.3,14.0,2.55,28.25,0.09,26,3,18,0
KARURVYSYA.NS,5.0,25.0,47,55.3,2.31,7.98,-4.72,20.06,-8.92,13.6,260414.28,160.41,16.06,18.57,0.86,24,0,23,0
GMRINFRA.NS,2.0,25.0,47,55.3,0.53,6.0,-6.23,15.9,-15.59,6.8,113997.3,14.0,2.55,28.25,0.09,26,0,21,0
FEDERALBNK.NS,2.0,25.0,67,55.2,0.39,3.91,-3.95,10.59,-8.64,7.6,121753.32,21.75,3.11,33.36,0.09,38,0,29,0
FEDERALBNK.NS,2.0,10.0,67,55.2,0.39,3.91,-3.95,10.59,-8.64,7.6,121753.32,21.75,3.11,33.36,0.09,38,0,29,0
RBLBANK.NS,2.0,5.0,67,55.2,0.33,4.76,-5.14,24.88,-9.52,5.8,111804.84,11.8,1.75,29.57,0.06,38,14,15,0
FEDERALBNK.NS,2.0,15.0,67,55.2,0.39,3.91,-3.95,10.59,-8.64,7.6,121753.32,21.75,3.11,33.36,0.09,38,0,29,0
FEDERALBNK.NS,2.0,20.0,67,55.2,0.39,3.91,-3.95,10.59,-8.64,7.6,121753.32,21.75,3.11,33.36,0.09,38,0,29,0
M&M.NS,2.0,20.0,60,55.0,0.46,6.19,-6.53,30.37,-14.23,6.2,107154.64,7.15,1.08,61.12,0.02,34,0,26,0
HEROMOTOCO.NS,3.0,25.0,40,55.0,1.2,4.64,-3.01,8.28,-9.34,9.4,154627.0,54.63,7.02,13.1,0.54,22,0,18,0
M&M.NS,2.0,10.0,60,55.0,0.53,6.19,-6.37,30.37,-12.96,6.1,112534.64,12.53,1.86,61.12,0.03,34,5,21,0
HEROMOTOCO.NS,3.0,20.0,40,55.0,1.2,4.64,-3.01,8.28,-9.34,9.4,154627.0,54.63,7.02,13.1,0.54,22,0,18,0
HEROMOTOCO.NS,3.0,10.0,40,55.0,1.2,4.64,-3.01,8.28,-9.34,9.4,154627.0,54.63,7.02,13.1,0.54,22,0,18,0
M&M.NS,2.0,25.0,60,55.0,0.46,6.19,-6.53,30.37,-14.23,6.2,107154.64,7.15,1.08,61.12,0.02,34,0,26,0
HEROMOTOCO.NS,3.0,15.0,40,55.0,1.2,4.64,-3.01,8.28,-9.34,9.4,154627.0,54.63,7.02,13.1,0.54,22,0,18,0
M&M.NS,2.0,15.0,60,55.0,0.46,6.19,-6.53,30.37,-14.23,6.2,107154.64,7.15,1.08,61.12,0.02,34,0,26,0
MARUTI.NS,3.0,10.0,51,54.9,1.27,4.52,-2.68,9.58,-6.41,10.1,178259.25,78.26,9.41,8.73,1.08,27,0,24,0
MARUTI.NS,3.0,5.0,51,54.9,1.27,4.52,-2.68,9.58,-6.41,10.1,178259.25,78.26,9.41,8.73,1.08,27,1,23,0
MARUTI.NS,3.0,25.0,51,54.9,1.27,4.52,-2.68,9.58,-6.41,10.1,178259.25,78.26,9.41,8.73,1.08,27,0,24,0
MARUTI.NS,3.0,15.0,51,54.9,1.27,4.52,-2.68,9.58,-6.41,10.1,178259.25,78.26,9.41,8.73,1.08,27,0,24,0
MARUTI.NS,3.0,20.0,51,54.9,1.27,4.52,-2.68,9.58,-6.41,10.1,178259.25,78.26,9.41,8.73,1.08,27,0,24,0
BSE.NS,8.0,5.0,51,54.9,4.01,11.52,-5.13,21.88,-10.27,10.6,610493.64,510.49,32.52,23.12,1.41,26,17,8,0
INDIGO.NS,2.0,25.0,62,54.8,0.39,4.46,-4.54,17.95,-18.29,7.0,116395.6,16.4,2.39,28.82,0.08,33,0,29,0
INDIGO.NS,2.0,20.0,62,54.8,0.39,4.46,-4.54,17.95,-18.29,7.0,116395.6,16.4,2.39,28.82,0.08,33,0,29,0
INDIGO.NS,2.0,15.0,62,54.8,0.39,4.46,-4.54,17.95,-18.29,7.0,116395.6,16.4,2.39,28.82,0.08,33,0,29,0
INDIGO.NS,2.0,10.0,62,54.8,0.39,4.46,-4.54,17.95,-18.29,7.0,116395.6,16.4,2.39,28.82,0.08,33,1,28,0
ANANDRATHI.NS,8.0,25.0,31,54.8,2.4,7.21,-3.44,14.18,-8.15,17.1,194986.4,94.99,17.08,17.67,0.97,11,0,17,3
ANANDRATHI.NS,8.0,15.0,31,54.8,2.4,7.21,-3.44,14.18,-8.15,17.1,194986.4,94.99,17.08,17.67,0.97,11,0,17,3
ANANDRATHI.NS,8.0,20.0,31,54.8,2.4,7.21,-3.44,14.18,-8.15,17.1,194986.4,94.99,17.08,17.67,0.97,11,0,17,3
INDIGO.NS,2.0,5.0,62,54.8,0.61,4.46,-4.07,17.95,-9.07,6.9,134994.6,34.99,4.78,25.32,0.19,33,6,23,0
ANANDRATHI.NS,8.0,10.0,31,54.8,2.4,7.21,-3.44,14.18,-8.15,17.1,194986.4,94.99,17.08,17.67,0.97,11,0,17,3
ANANDRATHI.NS,8.0,5.0,31,54.8,2.49,7.21,-3.24,14.18,-6.55,16.9,200377.45,100.38,17.83,17.73,1.01,11,5,12,3
CUB.NS,2.0,5.0,53,54.7,0.02,4.11,-4.92,7.77,-9.38,7.2,95032.47,-4.97,-0.79,35.35,-0.02,28,12,13,0
HBLENGINE.NS,3.0,25.0,11,54.5,0.26,5.44,-5.96,8.43,-9.46,7.5,100875.45,0.88,0.71,15.21,0.05,6,0,5,0
TVSMOTOR.NS,5.0,20.0,55,54.5,1.69,5.84,-3.29,9.12,-7.97,12.0,234306.55,134.31,14.17,27.17,0.52,27,0,27,1
TVSMOTOR.NS,5.0,15.0,55,54.5,1.69,5.84,-3.29,9.12,-7.97,12.0,234306.55,134.31,14.17,27.17,0.52,27,0,27,1
TVSMOTOR.NS,5.0,10.0,55,54.5,1.69,5.84,-3.29,9.12,-7.97,12.0,234306.55,134.31,14.17,27.17,0.52,27,0,27,1
TVSMOTOR.NS,5.0,5.0,55,54.5,1.7,5.84,-3.26,9.12,-7.97,11.5,236757.0,136.76,14.36,26.22,0.55,27,6,22,0
ANANDRATHI.NS,5.0,15.0,33,54.5,1.93,6.43,-3.47,13.32,-8.15,15.2,177642.5,77.64,14.53,18.62,0.78,14,0,16,3
ANANDRATHI.NS,5.0,10.0,33,54.5,1.93,6.43,-3.47,13.32,-8.15,15.2,177642.5,77.64,14.53,18.62,0.78,14,0,16,3
HBLENGINE.NS,3.0,15.0,11,54.5,0.26,5.44,-5.96,8.43,-9.46,7.5,100875.45,0.88,0.71,15.21,0.05,6,0,5,0
HBLENGINE.NS,3.0,20.0,11,54.5,0.26,5.44,-5.96,8.43,-9.46,7.5,100875.45,0.88,0.71,15.21,0.05,6,0,5,0
TVSMOTOR.NS,5.0,25.0,55,54.5,1.69,5.84,-3.29,9.12,-7.97,12.0,234306.55,134.31,14.17,27.17,0.52,27,0,27,1
ANANDRATHI.NS,5.0,20.0,33,54.5,1.93,6.43,-3.47,13.32,-8.15,15.2,177642.5,77.64,14.53,18.62,0.78,14,0,16,3
ANANDRATHI.NS,5.0,5.0,33,54.5,2.02,6.43,-3.28,13.32,-6.55,15.0,182910.17,82.91,15.32,17.73,0.86,14,5,11,3
ANANDRATHI.NS,5.0,25.0,33,54.5,1.93,6.43,-3.47,13.32,-8.15,15.2,177642.5,77.64,14.53,18.62,0.78,14,0,16,3
HBLENGINE.NS,3.0,10.0,11,54.5,0.26,5.44,-5.96,8.43,-9.46,7.5,100875.45,0.88,0.71,15.21,0.05,6,0,5,0
HBLENGINE.NS,3.0,5.0,11,54.5,0.26,5.44,-5.96,8.43,-9.46,7.5,100875.45,0.88,0.71,15.21,0.05,6,4,1,0
FEDERALBNK.NS,2.0,5.0,68,54.4,0.39,3.93,-3.83,10.59,-8.09,7.3,122765.59,22.77,3.24,33.36,0.1,38,5,25,0
BSE.NS,10.0,20.0,46,54.3,3.88,11.89,-5.66,21.88,-13.8,13.3,466941.66,366.94,27.11,30.47,0.89,21,0,25,0
BSE.NS,10.0,10.0,46,54.3,3.88,11.89,-5.66,21.88,-13.8,13.3,466941.66,366.94,27.11,30.47,0.89,21,1,24,0
BSE.NS,10.0,15.0,46,54.3,3.88,11.89,-5.66,21.88,-13.8,13.3,466941.66,366.94,27.11,30.47,0.89,21,0,25,0
BSE.NS,10.0,25.0,46,54.3,3.88,11.89,-5.66,21.88,-13.8,13.3,466941.66,366.94,27.11,30.47,0.89,21,0,25,0
INDIANB.NS,3.0,10.0,59,54.2,0.64,5.76,-5.42,17.48,-13.0,8.2,129940.05,29.94,4.16,27.16,0.15,33,2,24,0
INDIANB.NS,3.0,20.0,59,54.2,0.6,5.76,-5.5,17.48,-14.54,8.3,126287.6,26.29,3.7,27.32,0.14,33,0,26,0
INDIANB.NS,3.0,25.0,59,54.2,0.6,5.76,-5.5,17.48,-14.54,8.3,126287.6,26.29,3.7,27.32,0.14,33,0,26,0
AUBANK.NS,3.0,10.0,48,54.2,0.23,4.57,-4.89,8.31,-14.67,9.4,104682.4,4.68,0.71,29.71,0.02,25,1,21,1
AUBANK.NS,3.0,15.0,48,54.2,0.37,4.57,-4.6,8.31,-9.92,9.4,112458.67,12.46,1.84,24.49,0.08,25,0,22,1
AUBANK.NS,3.0,25.0,48,54.2,0.37,4.57,-4.6,8.31,-9.92,9.4,112458.67,12.46,1.84,24.49,0.08,25,0,22,1
AUBANK.NS,3.0,20.0,48,54.2,0.37,4.57,-4.6,8.31,-9.92,9.4,112458.67,12.46,1.84,24.49,0.08,25,0,22,1
INDIANB.NS,3.0,15.0,59,54.2,0.6,5.76,-5.5,17.48,-14.54,8.3,126287.6,26.29,3.7,27.32,0.14,33,0,26,0
RBLBANK.NS,3.0,10.0,61,54.1,0.8,5.73,-5.01,24.88,-10.98,7.0,145494.17,45.49,6.01,28.99,0.21,33,2,26,0
RBLBANK.NS,3.0,15.0,61,54.1,0.8,5.73,-5.01,24.88,-10.98,7.0,145494.17,45.49,6.01,28.99,0.21,33,0,28,0
RBLBANK.NS,3.0,25.0,61,54.1,0.8,5.73,-5.01,24.88,-10.98,7.0,145494.17,45.49,6.01,28.99,0.21,33,0,28,0
RBLBANK.NS,3.0,20.0,61,54.1,0.8,5.73,-5.01,24.88,-10.98,7.0,145494.17,45.49,6.01,28.99,0.21,33,0,28,0
ASTERDM.NS,5.0,25.0,52,53.8,2.13,8.03,-4.77,17.97,-9.9,13.8,262506.85,162.51,16.21,25.21,0.64,25,0,23,4
CUB.NS,2.0,15.0,52,53.8,-0.14,3.99,-4.97,7.77,-9.38,7.4,87494.82,-12.51,-2.06,35.4,-0.06,28,0,24,0
ASTERDM.NS,5.0,15.0,52,53.8,2.13,8.03,-4.77,17.97,-9.9,13.8,262506.85,162.51,16.21,25.21,0.64,25,0,23,4
ASTERDM.NS,5.0,20.0,52,53.8,2.13,8.03,-4.77,17.97,-9.9,13.8,262506.85,162.51,16.21,25.21,0.64,25,0,23,4
CUB.NS,2.0,20.0,52,53.8,-0.14,3.99,-4.97,7.77,-9.38,7.4,87494.82,-12.51,-2.06,35.4,-0.06,28,0,24,0
CUB.NS,2.0,10.0,52,53.8,-0.14,3.99,-4.97,7.77,-9.38,7.4,87494.82,-12.51,-2.06,35.4,-0.06,28,1,23,0
ASTERDM.NS,5.0,10.0,52,53.8,2.13,8.03,-4.77,17.97,-9.9,13.8,262506.85,162.51,16.21,25.21,0.64,25,0,23,4
CUB.NS,2.0,25.0,52,53.8,-0.14,3.99,-4.97,7.77,-9.38,7.4,87494.82,-12.51,-2.06,35.4,-0.06,28,0,24,0
HEROMOTOCO.NS,3.0,5.0,41,53.7,1.16,4.64,-2.88,8.28,-5.48,9.1,154137.85,54.14,6.97,16.3,0.43,22,4,15,0
CUMMINSIND.NS,10.0,25.0,43,53.5,2.99,9.25,-4.21,19.85,-14.72,17.3,311429.85,211.43,19.34,24.12,0.8,13,0,23,7
CUMMINSIND.NS,10.0,20.0,43,53.5,2.99,9.25,-4.21,19.85,-14.72,17.3,311429.85,211.43,19.34,24.12,0.8,13,0,23,7
CUMMINSIND.NS,10.0,15.0,43,53.5,2.99,9.25,-4.21,19.85,-14.72,17.3,311429.85,211.43,19.34,24.12,0.8,13,0,23,7
CUMMINSIND.NS,10.0,10.0,43,53.5,2.99,9.25,-4.21,19.85,-14.72,17.3,311429.85,211.43,19.34,24.12,0.8,13,0,23,7
CUMMINSIND.NS,10.0,5.0,43,53.5,3.07,9.25,-4.03,19.85,-14.72,17.2,322087.0,222.09,19.97,24.19,0.83,13,5,18,7
M&M.NS,3.0,15.0,58,53.4,0.34,6.6,-6.85,30.37,-14.23,6.8,98118.77,-1.88,-0.3,62.04,-0.0,31,0,27,0
MUTHOOTFIN.NS,3.0,5.0,58,53.4,0.33,4.77,-4.76,11.21,-13.0,8.7,111702.15,11.7,1.74,24.41,0.07,28,11,18,1
M&M.NS,3.0,20.0,58,53.4,0.34,6.6,-6.85,30.37,-14.23,6.8,98118.77,-1.88,-0.3,62.04,-0.0,31,0,27,0
M&M.NS,3.0,25.0,58,53.4,0.34,6.6,-6.85,30.37,-14.23,6.8,98118.77,-1.88,-0.3,62.04,-0.0,31,0,27,0
M&M.NS,3.0,10.0,58,53.4,0.41,6.6,-6.69,30.37,-12.96,6.7,103045.45,3.05,0.47,62.04,0.01,31,6,21,0
INDIANB.NS,3.0,5.0,60,53.3,0.72,5.63,-4.89,17.48,-13.0,7.6,138233.45,38.23,5.17,27.17,0.19,33,10,17,0
LAURUSLABS.NS,5.0,25.0,47,53.2,1.76,7.38,-4.63,12.61,-11.52,11.9,206676.04,106.68,11.96,25.0,0.48,24,0,22,1
LAURUSLABS.NS,5.0,15.0,47,53.2,1.76,7.38,-4.63,12.61,-11.52,11.9,206676.04,106.68,11.96,25.0,0.48,24,0,22,1
LAURUSLABS.NS,5.0,20.0,47,53.2,1.76,7.38,-4.63,12.61,-11.52,11.9,206676.04,106.68,11.96,25.0,0.48,24,0,22,1
LAURUSLABS.NS,5.0,10.0,47,53.2,1.76,7.38,-4.63,12.61,-11.52,11.9,206676.04,106.68,11.96,25.0,0.48,24,1,21,1
ASTERDM.NS,10.0,10.0,47,53.2,2.36,8.69,-4.82,17.45,-9.9,16.8,261855.45,161.86,16.16,28.43,0.57,13,0,25,9
ASTERDM.NS,10.0,15.0,47,53.2,2.36,8.69,-4.82,17.45,-9.9,16.8,261855.45,161.86,16.16,28.43,0.57,13,0,25,9
ASTERDM.NS,10.0,20.0,47,53.2,2.36,8.69,-4.82,17.45,-9.9,16.8,261855.45,161.86,16.16,28.43,0.57,13,0,25,9
ASTERDM.NS,10.0,25.0,47,53.2,2.36,8.69,-4.82,17.45,-9.9,16.8,261855.45,161.86,16.16,28.43,0.57,13,0,25,9
ASTERDM.NS,8.0,10.0,49,53.1,2.38,8.6,-4.65,17.06,-9.9,15.0,277976.6,177.98,17.25,24.6,0.7,19,0,24,6
ASTERDM.NS,8.0,20.0,49,53.1,2.38,8.6,-4.65,17.06,-9.9,15.0,277976.6,177.98,17.25,24.6,0.7,19,0,24,6
ASTERDM.NS,8.0,15.0,49,53.1,2.38,8.6,-4.65,17.06,-9.9,15.0,277976.6,177.98,17.25,24.6,0.7,19,0,24,6
ASTERDM.NS,8.0,25.0,49,53.1,2.38,8.6,-4.65,17.06,-9.9,15.0,277976.6,177.98,17.25,24.6,0.7,19,0,24,6
GMRINFRA.NS,2.0,5.0,49,53.1,0.56,6.0,-5.58,15.9,-15.59,6.4,117821.6,17.82,3.2,27.53,0.12,26,14,9,0
AUBANK.NS,2.0,25.0,49,53.1,-0.03,3.87,-4.43,8.31,-9.92,8.3,93911.99,-6.09,-0.97,25.39,-0.04,27,0,22,0
AUBANK.NS,2.0,20.0,49,53.1,-0.03,3.87,-4.43,8.31,-9.92,8.3,93911.99,-6.09,-0.97,25.39,-0.04,27,0,22,0
AUBANK.NS,2.0,15.0,49,53.1,-0.03,3.87,-4.43,8.31,-9.92,8.3,93911.99,-6.09,-0.97,25.39,-0.04,27,0,22,0
AUBANK.NS,2.0,10.0,49,53.1,-0.16,3.87,-4.71,8.31,-14.67,8.2,87313.92,-12.69,-2.09,30.59,-0.07,27,1,21,0
SHRIRAMFIN.NS,5.0,15.0,55,52.7,1.39,6.92,-4.78,20.07,-9.81,10.5,191000.99,91.0,10.6,24.74,0.43,26,0,28,1
SHRIRAMFIN.NS,5.0,10.0,55,52.7,1.39,6.92,-4.78,20.07,-9.81,10.5,191000.99,91.0,10.6,24.74,0.43,26,1,27,1
SHRIRAMFIN.NS,5.0,25.0,55,52.7,1.39,6.92,-4.78,20.07,-9.81,10.5,191000.99,91.0,10.6,24.74,0.43,26,0,28,1
SHRIRAMFIN.NS,5.0,20.0,55,52.7,1.39,6.92,-4.78,20.07,-9.81,10.5,191000.99,91.0,10.6,24.74,0.43,26,0,28,1
UPL.NS,2.0,10.0,57,52.6,-0.18,3.64,-4.42,8.94,-15.14,7.3,84974.1,-15.03,-2.5,44.77,-0.06,31,1,25,0
UPL.NS,2.0,15.0,57,52.6,-0.18,3.64,-4.42,8.94,-15.14,7.3,84974.1,-15.03,-2.5,44.77,-0.06,31,1,25,0
UPL.NS,2.0,20.0,57,52.6,-0.18,3.64,-4.42,8.94,-15.14,7.3,84974.1,-15.03,-2.5,44.77,-0.06,31,0,26,0
UPL.NS,2.0,25.0,57,52.6,-0.18,3.64,-4.42,8.94,-15.14,7.3,84974.1,-15.03,-2.5,44.77,-0.06,31,0,26,0
RBLBANK.NS,3.0,5.0,63,52.4,0.7,5.81,-4.93,24.88,-9.52,6.6,137951.08,37.95,5.14,28.22,0.18,33,14,16,0
M&M.NS,2.0,5.0,63,52.4,0.34,6.08,-5.99,30.37,-12.77,5.4,101615.75,1.62,0.25,57.83,0.0,34,19,10,0
GMRINFRA.NS,3.0,25.0,44,52.3,0.39,6.3,-6.08,16.42,-15.59,7.8,106116.22,6.12,1.15,28.25,0.04,23,0,21,0
GMRINFRA.NS,3.0,20.0,44,52.3,0.39,6.3,-6.08,16.42,-15.59,7.8,106116.22,6.12,1.15,28.25,0.04,23,0,21,0
GMRINFRA.NS,3.0,10.0,44,52.3,0.39,6.3,-6.08,16.42,-15.59,7.8,106116.22,6.12,1.15,28.25,0.04,23,3,18,0
GMRINFRA.NS,3.0,15.0,44,52.3,0.39,6.3,-6.08,16.42,-15.59,7.8,106116.22,6.12,1.15,28.25,0.04,23,0,21,0
AUBANK.NS,3.0,5.0,48,52.1,0.26,4.65,-4.51,8.31,-9.92,9.2,106823.1,6.82,1.03,23.66,0.04,24,10,13,1
ASIANPAINT.NS,2.0,20.0,50,52.0,-0.04,3.32,-3.67,6.8,-8.18,9.1,94977.1,-5.02,-0.8,22.37,-0.04,26,0,24,0
ASIANPAINT.NS,2.0,15.0,50,52.0,-0.04,3.32,-3.67,6.8,-8.18,9.1,94977.1,-5.02,-0.8,22.37,-0.04,26,0,24,0
ASIANPAINT.NS,2.0,5.0,50,52.0,-0.02,3.32,-3.63,6.8,-8.18,9.0,95732.75,-4.27,-0.68,22.48,-0.03,26,7,17,0
ASIANPAINT.NS,2.0,25.0,50,52.0,-0.04,3.32,-3.67,6.8,-8.18,9.1,94977.1,-5.02,-0.8,22.37,-0.04,26,0,24,0
ASIANPAINT.NS,2.0,10.0,50,52.0,-0.04,3.32,-3.67,6.8,-8.18,9.1,94977.1,-5.02,-0.8,22.37,-0.04,26,0,24,0
BSE.NS,10.0,5.0,50,52.0,3.78,11.93,-5.05,21.88,-10.27,12.1,518681.3,418.68,29.2,24.98,1.17,22,17,11,0
UPL.NS,2.0,5.0,58,51.7,-0.29,3.62,-4.49,8.94,-15.14,7.1,79214.12,-20.79,-3.56,44.73,-0.08,31,10,17,0
ASTERDM.NS,5.0,5.0,58,51.7,2.15,8.21,-4.35,17.97,-8.95,11.4,298832.45,198.83,18.58,25.43,0.73,27,14,15,2
ANANDRATHI.NS,10.0,20.0,31,51.6,2.05,7.14,-3.39,14.61,-8.15,18.0,175214.1,75.21,14.16,25.59,0.55,8,0,18,5
ANANDRATHI.NS,10.0,5.0,31,51.6,2.14,7.14,-3.2,14.61,-6.55,17.7,180412.5,80.41,14.95,23.5,0.64,8,5,13,5
ANANDRATHI.NS,10.0,15.0,31,51.6,2.05,7.14,-3.39,14.61,-8.15,18.0,175214.1,75.21,14.16,25.59,0.55,8,0,18,5
ANANDRATHI.NS,10.0,25.0,31,51.6,2.05,7.14,-3.39,14.61,-8.15,18.0,175214.1,75.21,14.16,25.59,0.55,8,0,18,5
ANANDRATHI.NS,10.0,10.0,31,51.6,2.05,7.14,-3.39,14.61,-8.15,18.0,175214.1,75.21,14.16,25.59,0.55,8,0,18,5
CUMMINSIND.NS,8.0,10.0,43,51.2,2.3,8.33,-4.01,13.81,-14.72,16.0,239434.95,139.43,14.56,24.04,0.61,17,0,23,3
CUMMINSIND.NS,8.0,25.0,43,51.2,2.3,8.33,-4.01,13.81,-14.72,16.0,239434.95,139.43,14.56,24.04,0.61,17,0,23,3
CUMMINSIND.NS,8.0,20.0,43,51.2,2.3,8.33,-4.01,13.81,-14.72,16.0,239434.95,139.43,14.56,24.04,0.61,17,0,23,3
CUMMINSIND.NS,8.0,15.0,43,51.2,2.3,8.33,-4.01,13.81,-14.72,16.0,239434.95,139.43,14.56,24.04,0.61,17,0,23,3
CUMMINSIND.NS,8.0,5.0,43,51.2,2.38,8.33,-3.84,13.81,-14.72,15.9,247808.05,147.81,15.17,24.04,0.63,17,5,18,3
AUBANK.NS,2.0,5.0,49,51.0,-0.13,3.92,-4.35,8.31,-9.92,8.1,89129.01,-10.87,-1.78,24.24,-0.07,26,10,13,0
EICHERMOT.NS,2.0,25.0,57,50.9,-0.18,3.43,-3.93,8.16,-11.21,7.1,86073.04,-13.93,-2.31,39.1,-0.06,28,0,29,0
EICHERMOT.NS,2.0,10.0,57,50.9,-0.18,3.43,-3.93,8.16,-11.21,7.1,86073.04,-13.93,-2.31,39.1,-0.06,28,1,28,0
SHRIRAMFIN.NS,5.0,5.0,57,50.9,1.19,6.77,-4.59,20.07,-8.46,9.9,176058.85,76.06,9.2,23.47,0.39,26,16,14,1
EICHERMOT.NS,2.0,15.0,57,50.9,-0.18,3.43,-3.93,8.16,-11.21,7.1,86073.04,-13.93,-2.31,39.1,-0.06,28,0,29,0
EICHERMOT.NS,2.0,20.0,57,50.9,-0.18,3.43,-3.93,8.16,-11.21,7.1,86073.04,-13.93,-2.31,39.1,-0.06,28,0,29,0
AUBANK.NS,5.0,15.0,46,50.0,0.85,6.32,-4.61,13.13,-9.92,11.6,136487.89,36.49,4.96,23.64,0.21,20,0,23,3
HINDALCO.NS,8.0,5.0,48,50.0,1.51,6.99,-3.98,13.69,-13.01,15.5,186134.55,86.13,10.15,23.93,0.42,16,8,21,3
HBLENGINE.NS,8.0,25.0,10,50.0,0.73,7.7,-6.23,12.92,-9.46,14.0,104512.85,4.51,3.65,12.94,0.28,3,0,6,1
HBLENGINE.NS,10.0,5.0,10,50.0,0.83,7.9,-6.23,12.92,-9.46,14.3,105436.75,5.44,4.39,12.94,0.34,3,5,1,1
AUBANK.NS,5.0,10.0,46,50.0,0.71,6.32,-4.89,13.13,-14.67,11.5,127008.16,27.01,3.79,23.67,0.16,20,1,22,3
AUBANK.NS,5.0,20.0,46,50.0,0.85,6.32,-4.61,13.13,-9.92,11.6,136487.89,36.49,4.96,23.64,0.21,20,0,23,3
CANBK.NS,3.0,25.0,56,50.0,-0.02,4.79,-4.83,12.0,-13.35,8.2,91176.5,-8.82,-1.43,33.68,-0.04,27,0,29,0
CANBK.NS,3.0,20.0,56,50.0,-0.02,4.79,-4.83,12.0,-13.35,8.2,91176.5,-8.82,-1.43,33.68,-0.04,27,0,29,0
HINDALCO.NS,8.0,10.0,48,50.0,1.51,6.99,-3.98,13.69,-13.01,15.5,186134.55,86.13,10.15,23.93,0.42,16,1,28,3
FEDERALBNK.NS,3.0,5.0,64,50.0,0.26,4.38,-3.85,10.59,-8.09,8.7,111183.25,11.18,1.66,32.44,0.05,33,6,25,0
EICHERMOT.NS,2.0,5.0,58,50.0,-0.2,3.43,-3.84,8.16,-11.21,6.9,85186.84,-14.81,-2.46,37.88,-0.07,28,8,22,0
M&M.NS,3.0,5.0,60,50.0,0.22,6.71,-6.27,30.37,-12.77,6.0,93046.64,-6.95,-1.12,58.83,-0.02,30,20,10,0
HBLENGINE.NS,5.0,15.0,10,50.0,0.33,6.89,-6.23,8.43,-9.46,8.7,101016.75,1.02,0.82,13.24,0.06,5,0,5,0
HBLENGINE.NS,5.0,10.0,10,50.0,0.33,6.89,-6.23,8.43,-9.46,8.7,101016.75,1.02,0.82,13.24,0.06,5,0,5,0
HBLENGINE.NS,5.0,5.0,10,50.0,0.33,6.89,-6.23,8.43,-9.46,8.7,101016.75,1.02,0.82,13.24,0.06,5,5,0,0
CANBK.NS,3.0,5.0,60,50.0,0.04,4.83,-4.76,12.0,-9.31,7.2,94060.01,-5.94,-0.95,32.3,-0.03,29,14,17,0
HBLENGINE.NS,8.0,5.0,10,50.0,0.73,7.7,-6.23,12.92,-9.46,14.0,104512.85,4.51,3.65,12.94,0.28,3,5,1,1
HINDALCO.NS,8.0,25.0,48,50.0,1.51,6.99,-3.98,13.69,-13.01,15.5,186134.55,86.13,10.15,23.93,0.42,16,0,29,3
HINDALCO.NS,8.0,20.0,48,50.0,1.51,6.99,-3.98,13.69,-13.01,15.5,186134.55,86.13,10.15,23.93,0.42,16,0,29,3
HINDALCO.NS,8.0,15.0,48,50.0,1.51,6.99,-3.98,13.69,-13.01,15.5,186134.55,86.13,10.15,23.93,0.42,16,0,29,3
HBLENGINE.NS,8.0,20.0,10,50.0,0.73,7.7,-6.23,12.92,-9.46,14.0,104512.85,4.51,3.65,12.94,0.28,3,0,6,1
HBLENGINE.NS,8.0,15.0,10,50.0,0.73,7.7,-6.23,12.92,-9.46,14.0,104512.85,4.51,3.65,12.94,0.28,3,0,6,1
HBLENGINE.NS,8.0,10.0,10,50.0,0.73,7.7,-6.23,12.92,-9.46,14.0,104512.85,4.51,3.65,12.94,0.28,3,0,6,1
AUBANK.NS,5.0,25.0,46,50.0,0.85,6.32,-4.61,13.13,-9.92,11.6,136487.89,36.49,4.96,23.64,0.21,20,0,23,3
HBLENGINE.NS,10.0,10.0,10,50.0,0.83,7.9,-6.23,12.92,-9.46,14.3,105436.75,5.44,4.39,12.94,0.34,3,0,6,1
HBLENGINE.NS,10.0,15.0,10,50.0,0.83,7.9,-6.23,12.92,-9.46,14.3,105436.75,5.44,4.39,12.94,0.34,3,0,6,1
HBLENGINE.NS,10.0,20.0,10,50.0,0.83,7.9,-6.23,12.92,-9.46,14.3,105436.75,5.44,4.39,12.94,0.34,3,0,6,1
HBLENGINE.NS,10.0,25.0,10,50.0,0.83,7.9,-6.23,12.92,-9.46,14.3,105436.75,5.44,4.39,12.94,0.34,3,0,6,1
CANBK.NS,3.0,15.0,56,50.0,-0.02,4.79,-4.83,12.0,-13.35,8.2,91176.5,-8.82,-1.43,33.68,-0.04,27,0,29,0
CANBK.NS,3.0,10.0,56,50.0,-0.01,4.79,-4.8,12.0,-12.63,8.1,91940.78,-8.06,-1.3,33.68,-0.04,27,1,28,0
HBLENGINE.NS,5.0,25.0,10,50.0,0.33,6.89,-6.23,8.43,-9.46,8.7,101016.75,1.02,0.82,13.24,0.06,5,0,5,0
HBLENGINE.NS,5.0,20.0,10,50.0,0.33,6.89,-6.23,8.43,-9.46,8.7,101016.75,1.02,0.82,13.24,0.06,5,0,5,0
LAURUSLABS.NS,5.0,5.0,48,50.0,1.34,7.48,-4.8,15.33,-11.52,11.2,171330.6,71.33,8.74,24.72,0.35,23,12,12,1
GMRINFRA.NS,3.0,5.0,46,50.0,0.43,6.3,-5.44,16.42,-15.59,7.3,109682.89,9.68,1.79,27.52,0.07,23,14,9,0
FEDERALBNK.NS,3.0,10.0,63,49.2,0.19,4.4,-3.89,10.59,-8.64,9.0,105733.47,5.73,0.87,32.44,0.03,32,0,31,0
FEDERALBNK.NS,3.0,25.0,63,49.2,0.19,4.4,-3.89,10.59,-8.64,9.0,105733.47,5.73,0.87,32.44,0.03,32,0,31,0
FEDERALBNK.NS,3.0,20.0,63,49.2,0.19,4.4,-3.89,10.59,-8.64,9.0,105733.47,5.73,0.87,32.44,0.03,32,0,31,0
FEDERALBNK.NS,3.0,15.0,63,49.2,0.19,4.4,-3.89,10.59,-8.64,9.0,105733.47,5.73,0.87,32.44,0.03,32,0,31,0
KARURVYSYA.NS,8.0,20.0,45,48.9,2.26,9.43,-4.61,20.06,-8.92,15.5,238866.79,138.87,14.51,18.57,0.78,18,0,26,1
KARURVYSYA.NS,8.0,10.0,45,48.9,2.26,9.43,-4.61,20.06,-8.92,15.5,238866.79,138.87,14.51,18.57,0.78,18,0,26,1
KARURVYSYA.NS,8.0,15.0,45,48.9,2.26,9.43,-4.61,20.06,-8.92,15.5,238866.79,138.87,14.51,18.57,0.78,18,0,26,1
KARURVYSYA.NS,8.0,25.0,45,48.9,2.26,9.43,-4.61,20.06,-8.92,15.5,238866.79,138.87,14.51,18.57,0.78,18,0,26,1
AUBANK.NS,5.0,5.0,47,48.9,0.82,6.39,-4.53,13.13,-9.92,11.2,135335.42,35.34,4.82,23.67,0.2,20,10,14,3
BAJFINANCE.NS,5.0,20.0,41,48.8,1.56,6.58,-3.22,9.02,-7.35,13.6,178620.07,78.62,9.45,17.72,0.53,20,0,21,0
BAJFINANCE.NS,5.0,25.0,41,48.8,1.56,6.58,-3.22,9.02,-7.35,13.6,178620.07,78.62,9.45,17.72,0.53,20,0,21,0
BAJFINANCE.NS,5.0,15.0,41,48.8,1.56,6.58,-3.22,9.02,-7.35,13.6,178620.07,78.62,9.45,17.72,0.53,20,0,21,0
BAJFINANCE.NS,5.0,10.0,41,48.8,1.56,6.58,-3.22,9.02,-7.35,13.6,178620.07,78.62,9.45,17.72,0.53,20,0,21,0
BHARTIARTL.NS,3.0,10.0,58,48.3,0.58,4.41,-2.99,8.11,-10.74,11.0,133527.9,33.53,4.6,20.34,0.23,26,0,32,0
INDIGO.NS,3.0,15.0,58,48.3,0.52,5.52,-4.15,17.95,-18.29,8.3,122347.15,22.35,3.19,30.55,0.1,27,0,31,0
INDIGO.NS,3.0,20.0,58,48.3,0.52,5.52,-4.15,17.95,-18.29,8.3,122347.15,22.35,3.19,30.55,0.1,27,0,31,0
INDIGO.NS,3.0,25.0,58,48.3,0.52,5.52,-4.15,17.95,-18.29,8.3,122347.15,22.35,3.19,30.55,0.1,27,0,31,0
INDIGO.NS,3.0,10.0,58,48.3,0.52,5.52,-4.15,17.95,-18.29,8.3,122347.15,22.35,3.19,30.55,0.1,27,1,30,0
BHARTIARTL.NS,3.0,25.0,58,48.3,0.58,4.41,-2.99,8.11,-10.74,11.0,133527.9,33.53,4.6,20.34,0.23,26,0,32,0
BHARTIARTL.NS,3.0,20.0,58,48.3,0.58,4.41,-2.99,8.11,-10.74,11.0,133527.9,33.53,4.6,20.34,0.23,26,0,32,0
BHARTIARTL.NS,3.0,15.0,58,48.3,0.58,4.41,-2.99,8.11,-10.74,11.0,133527.9,33.53,4.6,20.34,0.23,26,0,32,0
INDIGO.NS,3.0,5.0,58,48.3,0.74,5.52,-3.71,17.95,-9.07,8.2,140843.95,40.84,5.48,24.71,0.22,27,5,26,0
ASTERDM.NS,10.0,5.0,52,48.1,1.93,8.69,-4.33,17.45,-8.95,14.6,235613.55,135.61,14.27,33.99,0.42,13,13,18,8
ASTERDM.NS,8.0,5.0,54,48.1,1.97,8.6,-4.2,17.06,-8.95,13.1,250093.25,150.09,15.34,30.78,0.5,19,13,17,5
BAJFINANCE.NS,5.0,5.0,42,47.6,1.33,6.83,-3.67,13.19,-13.21,13.1,162357.11,62.36,7.84,17.7,0.44,20,5,17,0
CANBK.NS,5.0,25.0,55,47.3,0.94,7.15,-4.63,15.71,-13.35,9.9,149336.44,49.34,6.44,31.27,0.21,25,0,30,0
CANBK.NS,5.0,15.0,55,47.3,0.94,7.15,-4.63,15.71,-13.35,9.9,149336.44,49.34,6.44,31.27,0.21,25,0,30,0
CANBK.NS,5.0,10.0,55,47.3,0.95,7.15,-4.61,15.71,-12.63,9.9,150551.1,50.55,6.58,31.27,0.21,25,1,29,0
CANBK.NS,5.0,20.0,55,47.3,0.94,7.15,-4.63,15.71,-13.35,9.9,149336.44,49.34,6.44,31.27,0.21,25,0,30,0
HEROMOTOCO.NS,5.0,15.0,36,47.2,1.14,5.81,-3.03,8.46,-9.34,12.7,143696.8,43.7,5.81,15.34,0.38,15,0,21,0
HEROMOTOCO.NS,5.0,10.0,36,47.2,1.14,5.81,-3.03,8.46,-9.34,12.7,143696.8,43.7,5.81,15.34,0.38,15,0,21,0
HEROMOTOCO.NS,5.0,20.0,36,47.2,1.14,5.81,-3.03,8.46,-9.34,12.7,143696.8,43.7,5.81,15.34,0.38,15,0,21,0
HEROMOTOCO.NS,5.0,25.0,36,47.2,1.14,5.81,-3.03,8.46,-9.34,12.7,143696.8,43.7,5.81,15.34,0.38,15,0,21,0
KARURVYSYA.NS,5.0,5.0,53,47.2,1.3,8.08,-4.75,20.06,-10.94,11.5,173797.33,73.8,8.98,23.42,0.38,23,14,16,0
BHARTIARTL.NS,3.0,5.0,60,46.7,0.44,4.44,-3.05,8.11,-8.16,10.2,124091.07,24.09,3.42,23.99,0.14,26,5,29,0
RBLBANK.NS,5.0,5.0,58,46.6,0.88,7.21,-4.64,24.88,-9.52,8.6,146833.13,46.83,6.16,35.82,0.17,27,14,17,0
AUBANK.NS,10.0,25.0,43,46.5,1.89,9.38,-4.61,16.15,-9.92,15.0,198263.96,98.26,11.24,23.67,0.47,12,0,24,7
AUBANK.NS,10.0,15.0,43,46.5,1.89,9.38,-4.61,16.15,-9.92,15.0,198263.96,98.26,11.24,23.67,0.47,12,0,24,7
AUBANK.NS,10.0,20.0,43,46.5,1.89,9.38,-4.61,16.15,-9.92,15.0,198263.96,98.26,11.24,23.67,0.47,12,0,24,7
KARURVYSYA.NS,10.0,15.0,43,46.5,2.16,9.71,-4.41,20.06,-8.92,17.6,218302.13,118.3,12.92,24.99,0.52,12,0,27,4
KARURVYSYA.NS,10.0,25.0,43,46.5,2.16,9.71,-4.41,20.06,-8.92,17.6,218302.13,118.3,12.92,24.99,0.52,12,0,27,4
AUBANK.NS,10.0,10.0,43,46.5,1.75,9.38,-4.89,16.15,-14.67,14.9,184243.51,84.24,9.98,23.68,0.42,12,1,23,7
KARURVYSYA.NS,10.0,10.0,43,46.5,2.16,9.71,-4.41,20.06,-8.92,17.6,218302.13,118.3,12.92,24.99,0.52,12,0,27,4
KARURVYSYA.NS,10.0,20.0,43,46.5,2.16,9.71,-4.41,20.06,-8.92,17.6,218302.13,118.3,12.92,24.99,0.52,12,0,27,4
RBLBANK.NS,5.0,15.0,56,46.4,0.77,7.09,-4.71,24.88,-9.52,9.0,136488.0,36.49,4.96,35.48,0.14,26,0,30,0
UPL.NS,3.0,20.0,56,46.4,-0.25,4.42,-4.29,12.48,-15.14,8.4,81273.07,-18.73,-3.18,47.11,-0.07,26,0,30,0
UPL.NS,3.0,15.0,56,46.4,-0.25,4.42,-4.29,12.48,-15.14,8.4,81273.07,-18.73,-3.18,47.11,-0.07,26,1,29,0
RBLBANK.NS,5.0,20.0,56,46.4,0.77,7.09,-4.71,24.88,-9.52,9.0,136488.0,36.49,4.96,35.48,0.14,26,0,30,0
RBLBANK.NS,5.0,25.0,56,46.4,0.77,7.09,-4.71,24.88,-9.52,9.0,136488.0,36.49,4.96,35.48,0.14,26,0,30,0
RBLBANK.NS,5.0,10.0,56,46.4,0.77,7.09,-4.71,24.88,-9.52,9.0,136488.0,36.49,4.96,35.48,0.14,26,2,28,0
UPL.NS,3.0,25.0,56,46.4,-0.25,4.42,-4.29,12.48,-15.14,8.4,81273.07,-18.73,-3.18,47.11,-0.07,26,0,30,0
UPL.NS,3.0,10.0,56,46.4,-0.25,4.42,-4.29,12.48,-15.14,8.4,81273.07,-18.73,-3.18,47.11,-0.07,26,1,29,0
FORTIS.NS,5.0,10.0,54,46.3,0.95,6.66,-3.96,12.6,-14.84,12.4,152597.2,52.6,6.8,26.72,0.25,25,1,27,1
FORTIS.NS,5.0,5.0,54,46.3,1.02,6.66,-3.84,12.6,-14.84,12.2,158421.45,58.42,7.42,25.12,0.3,25,9,19,1
FORTIS.NS,5.0,15.0,54,46.3,0.95,6.66,-3.96,12.6,-14.84,12.4,152597.2,52.6,6.8,26.72,0.25,25,0,28,1
FORTIS.NS,5.0,20.0,54,46.3,0.95,6.66,-3.96,12.6,-14.84,12.4,152597.2,52.6,6.8,26.72,0.25,25,0,28,1
FORTIS.NS,5.0,25.0,54,46.3,0.95,6.66,-3.96,12.6,-14.84,12.4,152597.2,52.6,6.8,26.72,0.25,25,0,28,1
ABCAPITAL.NS,5.0,5.0,52,46.2,0.66,7.17,-4.91,15.11,-11.63,11.3,126582.58,26.58,3.74,36.38,0.1,23,14,14,1
ABCAPITAL.NS,5.0,20.0,50,46.0,0.61,7.2,-5.01,15.11,-11.63,11.8,121581.04,21.58,3.09,37.1,0.08,22,0,27,1
ABCAPITAL.NS,5.0,25.0,50,46.0,0.61,7.2,-5.01,15.11,-11.63,11.8,121581.04,21.58,3.09,37.1,0.08,22,0,27,1
ABCAPITAL.NS,5.0,10.0,50,46.0,0.61,7.2,-5.01,15.11,-11.63,11.8,121581.04,21.58,3.09,37.1,0.08,22,2,25,1
ABCAPITAL.NS,5.0,15.0,50,46.0,0.61,7.2,-5.01,15.11,-11.63,11.8,121581.04,21.58,3.09,37.1,0.08,22,0,27,1
HEROMOTOCO.NS,5.0,5.0,37,45.9,1.1,5.81,-2.91,8.46,-5.48,12.2,142896.05,42.9,5.71,19.33,0.3,15,4,18,0
MARUTI.NS,5.0,10.0,48,45.8,1.36,6.17,-2.71,9.62,-6.41,12.4,178596.95,78.6,9.45,14.73,0.64,21,0,27,0
MARUTI.NS,5.0,15.0,48,45.8,1.36,6.17,-2.71,9.62,-6.41,12.4,178596.95,78.6,9.45,14.73,0.64,21,0,27,0
MARUTI.NS,5.0,25.0,48,45.8,1.36,6.17,-2.71,9.62,-6.41,12.4,178596.95,78.6,9.45,14.73,0.64,21,0,27,0
MARUTI.NS,5.0,20.0,48,45.8,1.36,6.17,-2.71,9.62,-6.41,12.4,178596.95,78.6,9.45,14.73,0.64,21,0,27,0
MARUTI.NS,5.0,5.0,48,45.8,1.36,6.17,-2.71,9.62,-6.41,12.4,178596.95,78.6,9.45,14.73,0.64,21,2,25,0
CUB.NS,3.0,25.0,48,45.8,-0.37,4.68,-4.63,7.77,-9.38,8.7,79117.16,-20.88,-3.58,39.09,-0.09,22,0,26,0
CUB.NS,3.0,10.0,48,45.8,-0.37,4.68,-4.63,7.77,-9.38,8.7,79117.16,-20.88,-3.58,39.09,-0.09,22,1,25,0
INDIANB.NS,5.0,5.0,59,45.8,0.92,7.61,-4.73,17.48,-13.0,9.7,149904.2,49.9,6.5,28.34,0.23,26,10,23,0
CUB.NS,3.0,20.0,48,45.8,-0.37,4.68,-4.63,7.77,-9.38,8.7,79117.16,-20.88,-3.58,39.09,-0.09,22,0,26,0
CUB.NS,3.0,15.0,48,45.8,-0.37,4.68,-4.63,7.77,-9.38,8.7,79117.16,-20.88,-3.58,39.09,-0.09,22,0,26,0
CUB.NS,3.0,5.0,48,45.8,-0.36,4.68,-4.63,7.77,-9.38,8.7,79184.15,-20.82,-3.57,39.05,-0.09,22,10,16,0
HEROMOTOCO.NS,10.0,10.0,35,45.7,2.14,8.29,-3.03,12.87,-9.34,16.1,195139.0,95.14,10.97,14.52,0.76,10,0,23,2
HEROMOTOCO.NS,10.0,15.0,35,45.7,2.14,8.29,-3.03,12.87,-9.34,16.1,195139.0,95.14,10.97,14.52,0.76,10,0,23,2
HEROMOTOCO.NS,10.0,25.0,35,45.7,2.14,8.29,-3.03,12.87,-9.34,16.1,195139.0,95.14,10.97,14.52,0.76,10,0,23,2
HEROMOTOCO.NS,10.0,20.0,35,45.7,2.14,8.29,-3.03,12.87,-9.34,16.1,195139.0,95.14,10.97,14.52,0.76,10,0,23,2
UPL.NS,3.0,5.0,57,45.6,-0.34,4.44,-4.36,12.48,-15.14,8.2,76454.07,-23.55,-4.09,47.15,-0.09,26,11,20,0
AUBANK.NS,10.0,5.0,44,45.5,1.85,9.51,-4.53,16.15,-9.92,14.5,197911.21,97.91,11.21,23.67,0.47,12,10,15,7
LAURUSLABS.NS,8.0,10.0,44,45.5,1.73,9.62,-4.85,14.51,-12.35,14.7,186920.59,86.92,10.23,32.85,0.31,18,1,23,2
LAURUSLABS.NS,8.0,20.0,44,45.5,1.73,9.62,-4.85,14.51,-12.35,14.7,186920.59,86.92,10.23,32.85,0.31,18,0,24,2
BHARTIARTL.NS,5.0,10.0,55,45.5,0.77,5.17,-2.9,10.03,-10.74,13.1,144439.91,44.44,5.89,21.12,0.28,19,0,32,4
BHARTIARTL.NS,5.0,15.0,55,45.5,0.77,5.17,-2.9,10.03,-10.74,13.1,144439.91,44.44,5.89,21.12,0.28,19,0,32,4
LAURUSLABS.NS,8.0,25.0,44,45.5,1.73,9.62,-4.85,14.51,-12.35,14.7,186920.59,86.92,10.23,32.85,0.31,18,0,24,2
AUBANK.NS,8.0,25.0,44,45.5,1.53,8.88,-4.59,16.15,-9.92,13.6,174336.19,74.34,9.04,28.41,0.32,15,0,25,4
AUBANK.NS,8.0,20.0,44,45.5,1.53,8.88,-4.59,16.15,-9.92,13.6,174336.19,74.34,9.04,28.41,0.32,15,0,25,4
AUBANK.NS,8.0,15.0,44,45.5,1.53,8.88,-4.59,16.15,-9.92,13.6,174336.19,74.34,9.04,28.41,0.32,15,0,25,4
LAURUSLABS.NS,8.0,15.0,44,45.5,1.73,9.62,-4.85,14.51,-12.35,14.7,186920.59,86.92,10.23,32.85,0.31,18,0,24,2
BHARTIARTL.NS,5.0,20.0,55,45.5,0.77,5.17,-2.9,10.03,-10.74,13.1,144439.91,44.44,5.89,21.12,0.28,19,0,32,4
AUBANK.NS,8.0,10.0,44,45.5,1.39,8.88,-4.85,16.15,-14.67,13.5,162216.8,62.22,7.82,28.41,0.28,15,1,24,4
BHARTIARTL.NS,5.0,25.0,55,45.5,0.77,5.17,-2.9,10.03,-10.74,13.1,144439.91,44.44,5.89,21.12,0.28,19,0,32,4
BHARTIARTL.NS,10.0,20.0,51,45.1,1.09,5.91,-2.87,12.47,-10.74,17.4,161799.27,61.8,7.78,21.13,0.37,8,0,36,7
BHARTIARTL.NS,10.0,15.0,51,45.1,1.09,5.91,-2.87,12.47,-10.74,17.4,161799.27,61.8,7.78,21.13,0.37,8,0,36,7
BHARTIARTL.NS,10.0,25.0,51,45.1,1.09,5.91,-2.87,12.47,-10.74,17.4,161799.27,61.8,7.78,21.13,0.37,8,0,36,7
MUTHOOTFIN.NS,5.0,20.0,51,45.1,0.53,6.3,-4.22,14.76,-13.0,12.0,119060.6,19.06,2.75,24.44,0.11,20,0,31,0
MUTHOOTFIN.NS,5.0,25.0,51,45.1,0.53,6.3,-4.22,14.76,-13.0,12.0,119060.6,19.06,2.75,24.44,0.11,20,0,31,0
MUTHOOTFIN.NS,5.0,10.0,51,45.1,0.53,6.3,-4.22,14.76,-13.0,12.0,119060.6,19.06,2.75,24.44,0.11,20,1,30,0
BHARTIARTL.NS,10.0,10.0,51,45.1,1.09,5.91,-2.87,12.47,-10.74,17.4,161799.27,61.8,7.78,21.13,0.37,8,0,36,7
MUTHOOTFIN.NS,5.0,15.0,51,45.1,0.53,6.3,-4.22,14.76,-13.0,12.0,119060.6,19.06,2.75,24.44,0.11,20,0,31,0
INDIANB.NS,5.0,25.0,58,44.8,0.41,7.39,-5.27,17.48,-14.54,10.5,109561.1,9.56,1.43,30.96,0.05,25,0,33,0
INDIANB.NS,5.0,10.0,58,44.8,0.45,7.39,-5.19,17.48,-13.0,10.3,112460.5,12.46,1.84,31.05,0.06,25,2,31,0
INDIANB.NS,5.0,20.0,58,44.8,0.41,7.39,-5.27,17.48,-14.54,10.5,109561.1,9.56,1.43,30.96,0.05,25,0,33,0
INDIANB.NS,5.0,15.0,58,44.8,0.41,7.39,-5.27,17.48,-14.54,10.5,109561.1,9.56,1.43,30.96,0.05,25,0,33,0
ASIANPAINT.NS,3.0,20.0,47,44.7,-0.2,4.13,-3.69,6.8,-8.18,10.5,87229.75,-12.77,-2.1,28.45,-0.07,21,0,26,0
BAJFINANCE.NS,10.0,20.0,38,44.7,2.22,8.98,-3.25,21.04,-7.35,17.7,209710.17,109.71,12.22,21.19,0.58,10,0,26,2
ASIANPAINT.NS,3.0,25.0,47,44.7,-0.2,4.13,-3.69,6.8,-8.18,10.5,87229.75,-12.77,-2.1,28.45,-0.07,21,0,26,0
ASIANPAINT.NS,3.0,5.0,47,44.7,-0.18,4.13,-3.66,6.8,-8.18,10.4,88638.9,-11.36,-1.86,27.42,-0.07,21,7,19,0
BAJFINANCE.NS,10.0,25.0,38,44.7,2.22,8.98,-3.25,21.04,-7.35,17.7,209710.17,109.71,12.22,21.19,0.58,10,0,26,2
BAJFINANCE.NS,10.0,10.0,38,44.7,2.22,8.98,-3.25,21.04,-7.35,17.7,209710.17,109.71,12.22,21.19,0.58,10,0,26,2
BAJFINANCE.NS,10.0,15.0,38,44.7,2.22,8.98,-3.25,21.04,-7.35,17.7,209710.17,109.71,12.22,21.19,0.58,10,0,26,2
BAJFINANCE.NS,8.0,20.0,38,44.7,2.58,9.78,-3.25,21.04,-7.35,16.3,239063.4,139.06,14.53,21.06,0.69,14,0,23,1
BAJFINANCE.NS,8.0,25.0,38,44.7,2.58,9.78,-3.25,21.04,-7.35,16.3,239063.4,139.06,14.53,21.06,0.69,14,0,23,1
BAJFINANCE.NS,8.0,15.0,38,44.7,2.58,9.78,-3.25,21.04,-7.35,16.3,239063.4,139.06,14.53,21.06,0.69,14,0,23,1
BAJFINANCE.NS,8.0,10.0,38,44.7,2.58,9.78,-3.25,21.04,-7.35,16.3,239063.4,139.06,14.53,21.06,0.69,14,0,23,1
ASIANPAINT.NS,3.0,15.0,47,44.7,-0.2,4.13,-3.69,6.8,-8.18,10.5,87229.75,-12.77,-2.1,28.45,-0.07,21,0,26,0
ASIANPAINT.NS,3.0,10.0,47,44.7,-0.2,4.13,-3.69,6.8,-8.18,10.5,87229.75,-12.77,-2.1,28.45,-0.07,21,0,26,0
HEROMOTOCO.NS,8.0,20.0,36,44.4,1.43,7.09,-3.1,9.88,-9.34,14.4,156482.0,56.48,7.22,18.32,0.39,12,0,22,2
HEROMOTOCO.NS,8.0,25.0,36,44.4,1.43,7.09,-3.1,9.88,-9.34,14.4,156482.0,56.48,7.22,18.32,0.39,12,0,22,2
HEROMOTOCO.NS,8.0,15.0,36,44.4,1.43,7.09,-3.1,9.88,-9.34,14.4,156482.0,56.48,7.22,18.32,0.39,12,0,22,2
EICHERMOT.NS,3.0,25.0,54,44.4,-0.3,4.1,-3.81,8.16,-11.21,8.0,81314.04,-18.69,-3.17,39.27,-0.08,23,0,31,0
EICHERMOT.NS,3.0,20.0,54,44.4,-0.3,4.1,-3.81,8.16,-11.21,8.0,81314.04,-18.69,-3.17,39.27,-0.08,23,0,31,0
AUBANK.NS,8.0,5.0,45,44.4,1.5,9.01,-4.51,16.15,-9.92,13.2,174049.67,74.05,9.01,28.44,0.32,15,10,16,4
HEROMOTOCO.NS,10.0,5.0,36,44.4,2.07,8.29,-2.91,12.87,-5.48,15.5,193575.25,93.58,10.83,15.64,0.69,10,4,20,2
EICHERMOT.NS,3.0,10.0,54,44.4,-0.3,4.1,-3.81,8.16,-11.21,8.0,81314.04,-18.69,-3.17,39.27,-0.08,23,1,30,0
EICHERMOT.NS,3.0,15.0,54,44.4,-0.3,4.1,-3.81,8.16,-11.21,8.0,81314.04,-18.69,-3.17,39.27,-0.08,23,0,31,0
HEROMOTOCO.NS,8.0,10.0,36,44.4,1.43,7.09,-3.1,9.88,-9.34,14.4,156482.0,56.48,7.22,18.32,0.39,12,0,22,2
BHARTIARTL.NS,8.0,10.0,52,44.2,0.98,5.73,-2.79,13.08,-10.74,16.3,154967.85,54.97,7.06,21.14,0.33,9,0,36,7
BHARTIARTL.NS,8.0,15.0,52,44.2,0.98,5.73,-2.79,13.08,-10.74,16.3,154967.85,54.97,7.06,21.14,0.33,9,0,36,7
LAURUSLABS.NS,10.0,20.0,43,44.2,2.23,11.21,-4.87,19.11,-12.35,15.9,221979.2,121.98,13.21,30.05,0.44,15,0,24,4
BHARTIARTL.NS,8.0,20.0,52,44.2,0.98,5.73,-2.79,13.08,-10.74,16.3,154967.85,54.97,7.06,21.14,0.33,9,0,36,7
BHARTIARTL.NS,8.0,25.0,52,44.2,0.98,5.73,-2.79,13.08,-10.74,16.3,154967.85,54.97,7.06,21.14,0.33,9,0,36,7
LAURUSLABS.NS,10.0,25.0,43,44.2,2.23,11.21,-4.87,19.11,-12.35,15.9,221979.2,121.98,13.21,30.05,0.44,15,0,24,4
LAURUSLABS.NS,10.0,15.0,43,44.2,2.23,11.21,-4.87,19.11,-12.35,15.9,221979.2,121.98,13.21,30.05,0.44,15,0,24,4
LAURUSLABS.NS,10.0,10.0,43,44.2,2.23,11.21,-4.87,19.11,-12.35,15.9,221979.2,121.98,13.21,30.05,0.44,15,1,23,4
CANBK.NS,5.0,5.0,59,44.1,0.6,7.09,-4.51,15.71,-9.31,8.9,127430.67,27.43,3.85,33.85,0.11,25,14,20,0
CANBK.NS,8.0,25.0,50,44.0,1.36,8.56,-4.3,15.76,-13.35,11.8,171821.47,71.82,8.79,31.27,0.28,17,0,33,0
KARURVYSYA.NS,8.0,5.0,50,44.0,1.52,9.46,-4.71,20.06,-10.94,13.6,183389.02,83.39,9.9,23.42,0.42,18,13,18,1
CANBK.NS,8.0,20.0,50,44.0,1.36,8.56,-4.3,15.76,-13.35,11.8,171821.47,71.82,8.79,31.27,0.28,17,0,33,0
CANBK.NS,8.0,15.0,50,44.0,1.36,8.56,-4.3,15.76,-13.35,11.8,171821.47,71.82,8.79,31.27,0.28,17,0,33,0
CANBK.NS,8.0,10.0,50,44.0,1.37,8.56,-4.28,15.76,-12.63,11.8,173256.95,73.26,8.93,31.27,0.29,17,1,32,0
BHARTIARTL.NS,5.0,5.0,57,43.9,0.64,5.31,-3.0,10.03,-8.16,12.2,136119.23,36.12,4.92,23.98,0.21,20,4,30,3
HINDALCO.NS,10.0,5.0,48,43.8,1.23,7.67,-3.78,13.69,-13.01,16.5,161881.3,61.88,7.79,26.8,0.29,12,8,24,4
HINDALCO.NS,10.0,15.0,48,43.8,1.23,7.67,-3.78,13.69,-13.01,16.5,161881.3,61.88,7.79,26.8,0.29,12,0,32,4
HINDALCO.NS,10.0,10.0,48,43.8,1.23,7.67,-3.78,13.69,-13.01,16.5,161881.3,61.88,7.79,26.8,0.29,12,1,31,4
HINDALCO.NS,10.0,20.0,48,43.8,1.23,7.67,-3.78,13.69,-13.01,16.5,161881.3,61.88,7.79,26.8,0.29,12,0,32,4
HINDALCO.NS,10.0,25.0,48,43.8,1.23,7.67,-3.78,13.69,-13.01,16.5,161881.3,61.88,7.79,26.8,0.29,12,0,32,4
EICHERMOT.NS,3.0,5.0,55,43.6,-0.32,4.1,-3.74,8.16,-11.21,7.8,80119.54,-19.88,-3.39,38.53,-0.09,23,9,23,0
BAJFINANCE.NS,8.0,5.0,39,43.6,2.14,9.7,-3.7,21.04,-13.21,15.7,205207.66,105.21,11.84,21.05,0.56,14,5,19,1
BAJFINANCE.NS,10.0,5.0,39,43.6,1.79,8.91,-3.7,21.04,-13.21,17.0,179913.67,79.91,9.57,21.22,0.45,10,5,22,2
INDIGO.NS,5.0,10.0,55,43.6,0.94,7.29,-3.98,17.95,-18.29,9.8,149900.4,49.9,6.5,32.37,0.2,23,1,31,0
INDIGO.NS,5.0,5.0,55,43.6,1.18,7.29,-3.56,17.95,-7.81,9.7,173713.3,73.71,8.98,22.73,0.39,23,4,28,0
INDIGO.NS,5.0,20.0,55,43.6,0.94,7.29,-3.98,17.95,-18.29,9.8,149900.4,49.9,6.5,32.37,0.2,23,0,32,0
INDIGO.NS,5.0,25.0,55,43.6,0.94,7.29,-3.98,17.95,-18.29,9.8,149900.4,49.9,6.5,32.37,0.2,23,0,32,0
INDIGO.NS,5.0,15.0,55,43.6,0.94,7.29,-3.98,17.95,-18.29,9.8,149900.4,49.9,6.5,32.37,0.2,23,0,32,0
BHARTIARTL.NS,10.0,5.0,53,43.4,1.06,6.32,-2.98,13.26,-8.16,16.3,160979.43,60.98,7.69,23.99,0.32,9,4,34,6
MUTHOOTFIN.NS,5.0,5.0,53,43.4,0.31,6.31,-4.3,14.76,-13.0,11.3,107244.05,7.24,1.09,24.61,0.04,20,10,23,0
MARUTI.NS,8.0,20.0,44,43.2,1.15,5.93,-2.48,11.23,-4.32,17.1,155808.1,55.81,7.15,14.99,0.48,11,0,32,1
MARUTI.NS,8.0,25.0,44,43.2,1.15,5.93,-2.48,11.23,-4.32,17.1,155808.1,55.81,7.15,14.99,0.48,11,0,32,1
HEROMOTOCO.NS,8.0,5.0,37,43.2,1.38,7.09,-2.97,9.88,-5.48,13.9,156011.45,56.01,7.17,22.18,0.32,12,5,18,2
MARUTI.NS,8.0,5.0,44,43.2,1.15,5.93,-2.48,11.23,-4.32,17.1,155808.1,55.81,7.15,14.99,0.48,11,1,31,1
MARUTI.NS,8.0,10.0,44,43.2,1.15,5.93,-2.48,11.23,-4.32,17.1,155808.1,55.81,7.15,14.99,0.48,11,0,32,1
MARUTI.NS,8.0,15.0,44,43.2,1.15,5.93,-2.48,11.23,-4.32,17.1,155808.1,55.81,7.15,14.99,0.48,11,0,32,1
SHRIRAMFIN.NS,8.0,20.0,51,43.1,0.98,8.52,-4.73,20.07,-9.81,12.8,144332.75,44.33,5.88,29.51,0.2,17,0,32,2
SHRIRAMFIN.NS,8.0,10.0,51,43.1,0.98,8.52,-4.73,20.07,-9.81,12.8,144332.75,44.33,5.88,29.51,0.2,17,1,31,2
SHRIRAMFIN.NS,8.0,15.0,51,43.1,0.98,8.52,-4.73,20.07,-9.81,12.8,144332.75,44.33,5.88,29.51,0.2,17,0,32,2
SHRIRAMFIN.NS,8.0,25.0,51,43.1,0.98,8.52,-4.73,20.07,-9.81,12.8,144332.75,44.33,5.88,29.51,0.2,17,0,32,2
GMRINFRA.NS,5.0,25.0,42,42.9,0.39,8.39,-5.6,16.42,-15.59,9.4,104157.75,4.16,0.79,28.59,0.03,18,0,24,0
GMRINFRA.NS,5.0,15.0,42,42.9,0.39,8.39,-5.6,16.42,-15.59,9.4,104157.75,4.16,0.79,28.59,0.03,18,0,24,0
GMRINFRA.NS,5.0,20.0,42,42.9,0.39,8.39,-5.6,16.42,-15.59,9.4,104157.75,4.16,0.79,28.59,0.03,18,0,24,0
GMRINFRA.NS,5.0,10.0,42,42.9,0.39,8.39,-5.6,16.42,-15.59,9.4,104157.75,4.16,0.79,28.59,0.03,18,3,21,0
BHARTIARTL.NS,8.0,5.0,54,42.6,0.87,5.94,-2.9,13.08,-8.16,15.3,148306.63,48.31,6.33,24.08,0.26,10,4,34,6
TVSMOTOR.NS,8.0,10.0,52,42.3,1.32,7.53,-3.24,11.6,-7.97,16.0,180425.35,80.43,9.62,24.26,0.4,17,0,33,2
TVSMOTOR.NS,8.0,20.0,52,42.3,1.32,7.53,-3.24,11.6,-7.97,16.0,180425.35,80.43,9.62,24.26,0.4,17,0,33,2
TVSMOTOR.NS,8.0,15.0,52,42.3,1.32,7.53,-3.24,11.6,-7.97,16.0,180425.35,80.43,9.62,24.26,0.4,17,0,33,2
SHRIRAMFIN.NS,8.0,5.0,52,42.3,1.01,8.57,-4.53,20.07,-8.46,12.3,148336.05,48.34,6.33,28.7,0.22,17,16,17,2
TVSMOTOR.NS,8.0,5.0,52,42.3,1.33,7.53,-3.21,11.6,-7.97,15.4,181848.5,81.85,9.75,23.32,0.42,17,7,27,1
TVSMOTOR.NS,8.0,25.0,52,42.3,1.32,7.53,-3.24,11.6,-7.97,16.0,180425.35,80.43,9.62,24.26,0.4,17,0,33,2
LAURUSLABS.NS,8.0,5.0,45,42.2,1.24,9.75,-4.98,15.33,-12.35,13.9,151909.1,51.91,6.72,32.51,0.21,17,12,14,2
FORTIS.NS,10.0,10.0,50,42.0,2.1,9.68,-3.38,15.36,-6.79,17.2,250925.25,150.93,15.4,18.84,0.82,15,0,29,6
FORTIS.NS,10.0,5.0,50,42.0,2.17,9.68,-3.26,15.36,-6.77,17.0,260728.95,160.73,16.09,18.84,0.85,15,8,21,6
FORTIS.NS,10.0,15.0,50,42.0,2.1,9.68,-3.38,15.36,-6.79,17.2,250925.25,150.93,15.4,18.84,0.82,15,0,29,6
FORTIS.NS,10.0,25.0,50,42.0,2.1,9.68,-3.38,15.36,-6.79,17.2,250925.25,150.93,15.4,18.84,0.82,15,0,29,6
FORTIS.NS,10.0,20.0,50,42.0,2.1,9.68,-3.38,15.36,-6.79,17.2,250925.25,150.93,15.4,18.84,0.82,15,0,29,6
MARUTI.NS,10.0,25.0,43,41.9,0.73,5.14,-2.45,11.85,-4.32,18.6,128053.5,28.05,3.92,18.04,0.22,4,0,34,5
MARUTI.NS,10.0,5.0,43,41.9,0.73,5.14,-2.45,11.85,-4.32,18.6,128053.5,28.05,3.92,18.04,0.22,4,1,33,5
MARUTI.NS,10.0,20.0,43,41.9,0.73,5.14,-2.45,11.85,-4.32,18.6,128053.5,28.05,3.92,18.04,0.22,4,0,34,5
MARUTI.NS,10.0,15.0,43,41.9,0.73,5.14,-2.45,11.85,-4.32,18.6,128053.5,28.05,3.92,18.04,0.22,4,0,34,5
MARUTI.NS,10.0,10.0,43,41.9,0.73,5.14,-2.45,11.85,-4.32,18.6,128053.5,28.05,3.92,18.04,0.22,4,0,34,5
CHOLAFIN.NS,10.0,10.0,48,41.7,1.54,9.99,-4.5,19.5,-8.53,14.6,180246.6,80.25,9.6,30.74,0.31,13,0,32,3
CHOLAFIN.NS,10.0,20.0,48,41.7,1.54,9.99,-4.5,19.5,-8.53,14.6,180246.6,80.25,9.6,30.74,0.31,13,0,32,3
CHOLAFIN.NS,10.0,15.0,48,41.7,1.54,9.99,-4.5,19.5,-8.53,14.6,180246.6,80.25,9.6,30.74,0.31,13,0,32,3
CHOLAFIN.NS,10.0,25.0,48,41.7,1.54,9.99,-4.5,19.5,-8.53,14.6,180246.6,80.25,9.6,30.74,0.31,13,0,32,3
KARURVYSYA.NS,10.0,5.0,48,41.7,1.4,9.73,-4.55,20.06,-10.94,15.3,167565.09,67.57,8.37,26.66,0.31,12,13,19,4
M&M.NS,5.0,15.0,53,41.5,-0.36,8.41,-6.58,29.7,-14.23,8.4,67976.78,-32.02,-5.84,65.35,-0.09,21,0,32,0
M&M.NS,5.0,20.0,53,41.5,-0.36,8.41,-6.58,29.7,-14.23,8.4,67976.78,-32.02,-5.84,65.35,-0.09,21,0,32,0
CHOLAFIN.NS,5.0,15.0,53,41.5,0.56,7.7,-4.51,19.5,-8.6,10.2,120641.7,20.64,2.96,34.18,0.09,22,0,31,0
CHOLAFIN.NS,5.0,10.0,53,41.5,0.56,7.7,-4.51,19.5,-8.6,10.2,120641.7,20.64,2.96,34.18,0.09,22,0,31,0
CHOLAFIN.NS,5.0,25.0,53,41.5,0.56,7.7,-4.51,19.5,-8.6,10.2,120641.7,20.64,2.96,34.18,0.09,22,0,31,0
CHOLAFIN.NS,5.0,20.0,53,41.5,0.56,7.7,-4.51,19.5,-8.6,10.2,120641.7,20.64,2.96,34.18,0.09,22,0,31,0
M&M.NS,5.0,10.0,53,41.5,-0.28,8.41,-6.44,29.7,-12.96,8.3,71394.48,-28.61,-5.11,65.35,-0.08,21,6,26,0
M&M.NS,5.0,25.0,53,41.5,-0.36,8.41,-6.58,29.7,-14.23,8.4,67976.78,-32.02,-5.84,65.35,-0.09,21,0,32,0
GMRINFRA.NS,5.0,5.0,44,40.9,0.43,8.39,-5.08,16.42,-15.59,8.9,107650.8,7.65,1.43,27.96,0.05,18,13,13,0
LAURUSLABS.NS,10.0,5.0,44,40.9,1.48,10.86,-5.0,15.33,-12.35,14.9,164807.8,64.81,8.09,30.04,0.27,14,12,14,4
TVSMOTOR.NS,10.0,15.0,49,40.8,1.94,9.29,-3.13,17.98,-7.97,17.4,229292.25,129.29,13.79,20.19,0.68,14,0,31,4
TVSMOTOR.NS,10.0,5.0,49,40.8,1.96,9.29,-3.1,17.98,-7.97,16.8,231656.25,131.66,13.97,20.2,0.69,14,6,26,3
CANBK.NS,10.0,15.0,49,40.8,1.35,8.92,-3.87,18.06,-9.31,13.7,169240.0,69.24,8.53,31.27,0.27,13,0,35,1
CANBK.NS,10.0,10.0,49,40.8,1.35,8.92,-3.87,18.06,-9.31,13.7,169240.0,69.24,8.53,31.27,0.27,13,0,35,1
CANBK.NS,10.0,25.0,49,40.8,1.35,8.92,-3.87,18.06,-9.31,13.7,169240.0,69.24,8.53,31.27,0.27,13,0,35,1
CANBK.NS,10.0,20.0,49,40.8,1.35,8.92,-3.87,18.06,-9.31,13.7,169240.0,69.24,8.53,31.27,0.27,13,0,35,1
TVSMOTOR.NS,10.0,20.0,49,40.8,1.94,9.29,-3.13,17.98,-7.97,17.4,229292.25,129.29,13.79,20.19,0.68,14,0,31,4
TVSMOTOR.NS,10.0,25.0,49,40.8,1.94,9.29,-3.13,17.98,-7.97,17.4,229292.25,129.29,13.79,20.19,0.68,14,0,31,4
TVSMOTOR.NS,10.0,10.0,49,40.8,1.94,9.29,-3.13,17.98,-7.97,17.4,229292.25,129.29,13.79,20.19,0.68,14,0,31,4
CANBK.NS,8.0,5.0,54,40.7,0.96,8.48,-4.22,15.76,-9.31,10.6,146595.72,46.6,6.13,33.85,0.18,17,12,25,0
M&M.NS,5.0,5.0,57,40.4,-0.15,8.63,-6.09,30.37,-12.77,7.3,74521.97,-25.48,-4.48,62.42,-0.07,22,22,13,0
FORTIS.NS,8.0,20.0,52,40.4,1.45,8.42,-3.27,11.47,-6.79,14.5,192492.5,92.49,10.73,18.79,0.57,17,0,30,5
FORTIS.NS,8.0,15.0,52,40.4,1.45,8.42,-3.27,11.47,-6.79,14.5,192492.5,92.49,10.73,18.79,0.57,17,0,30,5
FORTIS.NS,8.0,25.0,52,40.4,1.45,8.42,-3.27,11.47,-6.79,14.5,192492.5,92.49,10.73,18.79,0.57,17,0,30,5
FORTIS.NS,8.0,10.0,52,40.4,1.45,8.42,-3.27,11.47,-6.79,14.5,192492.5,92.49,10.73,18.79,0.57,17,0,30,5
FORTIS.NS,8.0,5.0,52,40.4,1.52,8.42,-3.15,11.47,-6.77,14.3,199838.4,99.84,11.38,18.78,0.61,17,8,22,5
GMRINFRA.NS,8.0,20.0,40,40.0,0.84,10.61,-5.67,21.1,-15.59,10.8,120002.3,20.0,3.57,34.41,0.1,13,0,25,2
GMRINFRA.NS,8.0,15.0,40,40.0,0.84,10.61,-5.67,21.1,-15.59,10.8,120002.3,20.0,3.57,34.41,0.1,13,0,25,2
GMRINFRA.NS,8.0,10.0,40,40.0,0.84,10.61,-5.67,21.1,-15.59,10.8,120002.3,20.0,3.57,34.41,0.1,13,3,22,2
GMRINFRA.NS,8.0,25.0,40,40.0,0.84,10.61,-5.67,21.1,-15.59,10.8,120002.3,20.0,3.57,34.41,0.1,13,0,25,2
INDIGO.NS,8.0,20.0,50,40.0,0.71,7.79,-4.0,17.95,-18.29,12.9,128088.45,28.09,3.93,32.72,0.12,16,0,34,0
INDIGO.NS,8.0,5.0,50,40.0,0.98,7.79,-3.57,17.95,-7.81,12.8,147421.9,47.42,6.23,22.24,0.28,16,4,30,0
CHOLAFIN.NS,8.0,20.0,50,40.0,1.1,9.37,-4.42,19.5,-8.53,13.2,151073.25,51.07,6.63,30.81,0.22,15,0,33,2
CHOLAFIN.NS,8.0,15.0,50,40.0,1.1,9.37,-4.42,19.5,-8.53,13.2,151073.25,51.07,6.63,30.81,0.22,15,0,33,2
CHOLAFIN.NS,8.0,10.0,50,40.0,1.1,9.37,-4.42,19.5,-8.53,13.2,151073.25,51.07,6.63,30.81,0.22,15,0,33,2
CHOLAFIN.NS,8.0,25.0,50,40.0,1.1,9.37,-4.42,19.5,-8.53,13.2,151073.25,51.07,6.63,30.81,0.22,15,0,33,2
ABCAPITAL.NS,8.0,5.0,50,40.0,0.99,9.27,-4.53,15.11,-11.63,13.0,143778.35,43.78,5.81,34.72,0.17,18,13,18,1
PTCIL.NS,2.0,15.0,20,40.0,0.43,9.16,-5.39,18.62,-7.78,8.0,102058.9,2.06,0.75,25.12,0.03,8,0,12,0
PTCIL.NS,2.0,25.0,20,40.0,0.43,9.16,-5.39,18.62,-7.78,8.0,102058.9,2.06,0.75,25.12,0.03,8,0,12,0
PTCIL.NS,2.0,20.0,20,40.0,0.43,9.16,-5.39,18.62,-7.78,8.0,102058.9,2.06,0.75,25.12,0.03,8,0,12,0
MUTHOOTFIN.NS,8.0,15.0,50,40.0,0.61,7.73,-4.13,15.53,-13.0,13.9,121699.05,21.7,3.1,28.53,0.11,12,0,34,4
MUTHOOTFIN.NS,8.0,10.0,50,40.0,0.61,7.73,-4.13,15.53,-13.0,13.9,121699.05,21.7,3.1,28.53,0.11,12,1,33,4
MUTHOOTFIN.NS,8.0,25.0,50,40.0,0.61,7.73,-4.13,15.53,-13.0,13.9,121699.05,21.7,3.1,28.53,0.11,12,0,34,4
MUTHOOTFIN.NS,8.0,20.0,50,40.0,0.61,7.73,-4.13,15.53,-13.0,13.9,121699.05,21.7,3.1,28.53,0.11,12,0,34,4
INDIGO.NS,8.0,25.0,50,40.0,0.71,7.79,-4.0,17.95,-18.29,12.9,128088.45,28.09,3.93,32.72,0.12,16,0,34,0
INDIGO.NS,8.0,15.0,50,40.0,0.71,7.79,-4.0,17.95,-18.29,12.9,128088.45,28.09,3.93,32.72,0.12,16,0,34,0
INDIGO.NS,8.0,10.0,50,40.0,0.71,7.79,-4.0,17.95,-18.29,12.9,128088.45,28.09,3.93,32.72,0.12,16,1,33,0
CUB.NS,5.0,15.0,43,39.5,-0.28,6.13,-4.46,7.84,-9.38,11.5,83217.79,-16.78,-2.82,41.22,-0.07,16,0,27,0
CUB.NS,5.0,10.0,43,39.5,-0.28,6.13,-4.46,7.84,-9.38,11.5,83217.79,-16.78,-2.82,41.22,-0.07,16,1,26,0
CUB.NS,5.0,20.0,43,39.5,-0.28,6.13,-4.46,7.84,-9.38,11.5,83217.79,-16.78,-2.82,41.22,-0.07,16,0,27,0
CUB.NS,5.0,25.0,43,39.5,-0.28,6.13,-4.46,7.84,-9.38,11.5,83217.79,-16.78,-2.82,41.22,-0.07,16,0,27,0
CUB.NS,5.0,5.0,43,39.5,-0.27,6.13,-4.46,7.84,-9.38,11.4,83296.69,-16.7,-2.8,41.19,-0.07,16,9,18,0
EICHERMOT.NS,5.0,10.0,51,39.2,0.04,5.62,-3.55,10.57,-11.21,10.1,96235.36,-3.76,-0.6,40.46,-0.01,18,1,32,0
EICHERMOT.NS,5.0,15.0,51,39.2,0.04,5.62,-3.55,10.57,-11.21,10.1,96235.36,-3.76,-0.6,40.46,-0.01,18,0,33,0
SHRIRAMFIN.NS,10.0,5.0,51,39.2,1.03,9.44,-4.39,20.07,-8.46,13.0,146718.05,46.72,6.15,27.22,0.23,13,16,19,3
EICHERMOT.NS,5.0,20.0,51,39.2,0.04,5.62,-3.55,10.57,-11.21,10.1,96235.36,-3.76,-0.6,40.46,-0.01,18,0,33,0
EICHERMOT.NS,5.0,25.0,51,39.2,0.04,5.62,-3.55,10.57,-11.21,10.1,96235.36,-3.76,-0.6,40.46,-0.01,18,0,33,0
CHOLAFIN.NS,5.0,5.0,54,38.9,0.18,7.71,-4.6,19.5,-9.08,9.7,99176.1,-0.82,-0.13,37.07,-0.0,21,16,17,0
ABCAPITAL.NS,8.0,25.0,49,38.8,0.82,9.24,-4.51,15.11,-11.63,13.7,131681.48,31.68,4.38,35.29,0.12,17,0,31,1
ABCAPITAL.NS,8.0,15.0,49,38.8,0.82,9.24,-4.51,15.11,-11.63,13.7,131681.48,31.68,4.38,35.29,0.12,17,0,31,1
ABCAPITAL.NS,8.0,10.0,49,38.8,0.82,9.24,-4.51,15.11,-11.63,13.7,131681.48,31.68,4.38,35.29,0.12,17,2,29,1
CHOLAFIN.NS,10.0,5.0,49,38.8,1.03,9.92,-4.6,19.5,-9.08,13.9,142815.75,42.82,5.7,30.75,0.19,12,16,18,3
ABCAPITAL.NS,8.0,20.0,49,38.8,0.82,9.24,-4.51,15.11,-11.63,13.7,131681.48,31.68,4.38,35.29,0.12,17,0,31,1
ASIANPAINT.NS,5.0,25.0,44,38.6,0.16,6.04,-3.55,8.18,-8.18,13.2,101807.95,1.81,0.28,22.9,0.01,17,0,27,0
ASIANPAINT.NS,5.0,15.0,44,38.6,0.16,6.04,-3.55,8.18,-8.18,13.2,101807.95,1.81,0.28,22.9,0.01,17,0,27,0
ASIANPAINT.NS,5.0,20.0,44,38.6,0.16,6.04,-3.55,8.18,-8.18,13.2,101807.95,1.81,0.28,22.9,0.01,17,0,27,0
ASIANPAINT.NS,5.0,10.0,44,38.6,0.16,6.04,-3.55,8.18,-8.18,13.2,101807.95,1.81,0.28,22.9,0.01,17,0,27,0
ASIANPAINT.NS,5.0,5.0,44,38.6,0.18,6.04,-3.52,8.18,-8.18,13.0,103145.85,3.15,0.48,22.0,0.02,17,6,21,0
INDIANB.NS,8.0,5.0,52,38.5,0.92,9.73,-4.59,17.48,-13.0,11.9,138162.35,38.16,5.16,37.79,0.14,17,10,25,0
MUTHOOTFIN.NS,8.0,5.0,52,38.5,0.47,7.97,-4.22,15.53,-13.0,13.2,113171.5,13.17,1.94,32.05,0.06,13,11,25,3
EICHERMOT.NS,5.0,5.0,52,38.5,0.02,5.62,-3.49,10.57,-11.21,9.8,95530.11,-4.47,-0.71,39.27,-0.02,18,8,26,0
CANBK.NS,10.0,5.0,52,38.5,0.98,8.84,-3.94,18.06,-9.31,12.5,144674.38,44.67,5.92,33.85,0.17,13,10,28,1
ASIANPAINT.NS,10.0,15.0,42,38.1,0.5,7.16,-3.6,14.0,-8.18,15.7,114586.25,14.59,2.14,20.46,0.1,6,0,29,7
ASIANPAINT.NS,8.0,15.0,42,38.1,0.43,6.98,-3.6,14.0,-8.18,15.4,112032.2,12.03,1.78,20.46,0.09,9,0,29,4
ASIANPAINT.NS,8.0,10.0,42,38.1,0.43,6.98,-3.6,14.0,-8.18,15.4,112032.2,12.03,1.78,20.46,0.09,9,0,29,4
ASIANPAINT.NS,10.0,20.0,42,38.1,0.5,7.16,-3.6,14.0,-8.18,15.7,114586.25,14.59,2.14,20.46,0.1,6,0,29,7
GMRINFRA.NS,8.0,5.0,42,38.1,0.86,10.61,-5.14,21.1,-15.59,10.2,124026.8,24.03,4.23,33.75,0.13,13,13,14,2
ASIANPAINT.NS,10.0,10.0,42,38.1,0.5,7.16,-3.6,14.0,-8.18,15.7,114586.25,14.59,2.14,20.46,0.1,6,0,29,7
ASIANPAINT.NS,10.0,25.0,42,38.1,0.5,7.16,-3.6,14.0,-8.18,15.7,114586.25,14.59,2.14,20.46,0.1,6,0,29,7
ASIANPAINT.NS,8.0,5.0,42,38.1,0.45,6.98,-3.57,14.0,-8.18,15.3,113053.0,13.05,1.93,19.73,0.1,9,6,23,4
ASIANPAINT.NS,8.0,20.0,42,38.1,0.43,6.98,-3.6,14.0,-8.18,15.4,112032.2,12.03,1.78,20.46,0.09,9,0,29,4
ASIANPAINT.NS,10.0,5.0,42,38.1,0.52,7.16,-3.57,14.0,-8.18,15.5,115502.5,15.5,2.27,19.73,0.11,6,6,23,7
ASIANPAINT.NS,8.0,25.0,42,38.1,0.43,6.98,-3.6,14.0,-8.18,15.4,112032.2,12.03,1.78,20.46,0.09,9,0,29,4
SHRIRAMFIN.NS,10.0,10.0,50,38.0,0.73,9.28,-4.52,20.07,-9.81,13.7,124902.09,24.9,3.52,31.47,0.11,12,1,33,4
SHRIRAMFIN.NS,10.0,15.0,50,38.0,0.73,9.28,-4.52,20.07,-9.81,13.7,124902.09,24.9,3.52,31.47,0.11,12,0,34,4
SHRIRAMFIN.NS,10.0,20.0,50,38.0,0.73,9.28,-4.52,20.07,-9.81,13.7,124902.09,24.9,3.52,31.47,0.11,12,0,34,4
SHRIRAMFIN.NS,10.0,25.0,50,38.0,0.73,9.28,-4.52,20.07,-9.81,13.7,124902.09,24.9,3.52,31.47,0.11,12,0,34,4
MUTHOOTFIN.NS,10.0,25.0,48,37.5,0.43,7.99,-4.1,15.53,-13.0,14.9,110008.2,10.01,1.5,28.55,0.05,9,0,34,5
MUTHOOTFIN.NS,10.0,15.0,48,37.5,0.43,7.99,-4.1,15.53,-13.0,14.9,110008.2,10.01,1.5,28.55,0.05,9,0,34,5
MUTHOOTFIN.NS,10.0,10.0,48,37.5,0.43,7.99,-4.1,15.53,-13.0,14.9,110008.2,10.01,1.5,28.55,0.05,9,1,33,5
MUTHOOTFIN.NS,10.0,20.0,48,37.5,0.43,7.99,-4.1,15.53,-13.0,14.9,110008.2,10.01,1.5,28.55,0.05,9,0,34,5
M&M.NS,8.0,25.0,51,37.3,0.19,11.13,-6.31,29.7,-14.23,9.7,86609.9,-13.39,-2.21,67.31,-0.03,17,0,34,0
M&M.NS,8.0,10.0,51,37.3,0.27,11.13,-6.18,29.7,-12.96,9.6,90957.95,-9.04,-1.47,67.31,-0.02,17,6,28,0
FEDERALBNK.NS,5.0,20.0,59,37.3,0.2,6.65,-3.63,13.13,-8.64,11.5,103125.92,3.13,0.48,40.73,0.01,19,0,39,1
FEDERALBNK.NS,5.0,25.0,59,37.3,0.2,6.65,-3.63,13.13,-8.64,11.5,103125.92,3.13,0.48,40.73,0.01,19,0,39,1
M&M.NS,8.0,20.0,51,37.3,0.19,11.13,-6.31,29.7,-14.23,9.7,86609.9,-13.39,-2.21,67.31,-0.03,17,0,34,0
M&M.NS,8.0,15.0,51,37.3,0.19,11.13,-6.31,29.7,-14.23,9.7,86609.9,-13.39,-2.21,67.31,-0.03,17,0,34,0
INDIANB.NS,8.0,10.0,51,37.3,0.45,9.54,-4.94,17.48,-13.0,12.7,108129.25,8.13,1.22,40.01,0.03,16,1,34,0
INDIANB.NS,8.0,25.0,51,37.3,0.45,9.54,-4.94,17.48,-13.0,12.7,108129.25,8.13,1.22,40.01,0.03,16,0,35,0
INDIANB.NS,8.0,20.0,51,37.3,0.45,9.54,-4.94,17.48,-13.0,12.7,108129.25,8.13,1.22,40.01,0.03,16,0,35,0
FEDERALBNK.NS,5.0,15.0,59,37.3,0.2,6.65,-3.63,13.13,-8.64,11.5,103125.92,3.13,0.48,40.73,0.01,19,0,39,1
CHOLAFIN.NS,8.0,5.0,51,37.3,0.67,9.41,-4.52,19.5,-9.08,12.7,122964.7,22.96,3.27,30.7,0.11,14,16,19,2
FEDERALBNK.NS,5.0,10.0,59,37.3,0.2,6.65,-3.63,13.13,-8.64,11.5,103125.92,3.13,0.48,40.73,0.01,19,0,39,1
INDIANB.NS,8.0,15.0,51,37.3,0.45,9.54,-4.94,17.48,-13.0,12.7,108129.25,8.13,1.22,40.01,0.03,16,0,35,0
CUB.NS,8.0,25.0,43,37.2,0.84,9.52,-4.3,16.97,-9.38,13.3,128635.43,28.64,4.0,40.56,0.1,15,0,28,0
CUB.NS,8.0,10.0,43,37.2,0.84,9.52,-4.3,16.97,-9.38,13.3,128635.43,28.64,4.0,40.56,0.1,15,1,27,0
CUB.NS,8.0,15.0,43,37.2,0.84,9.52,-4.3,16.97,-9.38,13.3,128635.43,28.64,4.0,40.56,0.1,15,0,28,0
CUB.NS,8.0,20.0,43,37.2,0.84,9.52,-4.3,16.97,-9.38,13.3,128635.43,28.64,4.0,40.56,0.1,15,0,28,0
CUB.NS,8.0,5.0,43,37.2,0.84,9.52,-4.3,16.97,-9.38,13.3,128692.87,28.69,4.0,40.51,0.1,15,9,19,0
FEDERALBNK.NS,8.0,15.0,57,36.8,0.37,7.39,-3.72,13.13,-8.64,13.7,111480.31,11.48,1.71,39.84,0.04,14,0,41,2
FEDERALBNK.NS,8.0,10.0,57,36.8,0.37,7.39,-3.72,13.13,-8.64,13.7,111480.31,11.48,1.71,39.84,0.04,14,0,41,2
FEDERALBNK.NS,8.0,20.0,57,36.8,0.37,7.39,-3.72,13.13,-8.64,13.7,111480.31,11.48,1.71,39.84,0.04,14,0,41,2
FEDERALBNK.NS,8.0,25.0,57,36.8,0.37,7.39,-3.72,13.13,-8.64,13.7,111480.31,11.48,1.71,39.84,0.04,14,0,41,2
FEDERALBNK.NS,5.0,5.0,60,36.7,0.21,6.65,-3.52,13.13,-8.09,11.1,103964.78,3.96,0.61,40.73,0.01,19,6,34,1
INDIANB.NS,10.0,20.0,49,36.7,0.43,9.6,-4.9,17.48,-13.0,14.4,105510.7,5.51,0.84,41.8,0.02,13,0,36,0
INDIANB.NS,10.0,15.0,49,36.7,0.43,9.6,-4.9,17.48,-13.0,14.4,105510.7,5.51,0.84,41.8,0.02,13,0,36,0
INDIANB.NS,10.0,25.0,49,36.7,0.43,9.6,-4.9,17.48,-13.0,14.4,105510.7,5.51,0.84,41.8,0.02,13,0,36,0
INDIANB.NS,10.0,10.0,49,36.7,0.43,9.6,-4.9,17.48,-13.0,14.4,105510.7,5.51,0.84,41.8,0.02,13,1,35,0
FEDERALBNK.NS,8.0,5.0,58,36.2,0.38,7.39,-3.61,13.13,-8.09,13.3,112386.25,12.39,1.83,39.84,0.05,14,7,35,2
EICHERMOT.NS,8.0,15.0,50,36.0,0.61,7.85,-3.47,13.68,-11.21,12.4,123268.94,23.27,3.31,39.35,0.08,14,0,36,0
RBLBANK.NS,8.0,25.0,50,36.0,0.95,10.21,-4.26,24.88,-9.52,11.7,139433.06,39.43,5.31,38.6,0.14,17,0,33,0
RBLBANK.NS,8.0,20.0,50,36.0,0.95,10.21,-4.26,24.88,-9.52,11.7,139433.06,39.43,5.31,38.6,0.14,17,0,33,0
EICHERMOT.NS,10.0,20.0,50,36.0,0.62,7.88,-3.47,15.61,-11.21,13.7,123863.87,23.86,3.39,38.43,0.09,11,0,38,1
EICHERMOT.NS,10.0,15.0,50,36.0,0.62,7.88,-3.47,15.61,-11.21,13.7,123863.87,23.86,3.39,38.43,0.09,11,0,38,1
INDIANB.NS,10.0,5.0,50,36.0,0.62,9.6,-4.42,17.48,-13.0,13.8,117763.9,17.76,2.58,39.61,0.07,13,10,27,0
MUTHOOTFIN.NS,10.0,5.0,50,36.0,0.3,8.27,-4.18,15.53,-13.0,14.3,103601.15,3.6,0.55,32.1,0.02,10,10,26,4
EICHERMOT.NS,8.0,10.0,50,36.0,0.61,7.85,-3.47,13.68,-11.21,12.4,123268.94,23.27,3.31,39.35,0.08,14,1,35,0
RBLBANK.NS,8.0,10.0,50,36.0,0.95,10.21,-4.26,24.88,-9.52,11.7,139433.06,39.43,5.31,38.6,0.14,17,1,32,0
RBLBANK.NS,8.0,15.0,50,36.0,0.95,10.21,-4.26,24.88,-9.52,11.7,139433.06,39.43,5.31,38.6,0.14,17,0,33,0
EICHERMOT.NS,10.0,10.0,50,36.0,0.62,7.88,-3.47,15.61,-11.21,13.7,123863.87,23.86,3.39,38.43,0.09,11,1,37,1
EICHERMOT.NS,8.0,25.0,50,36.0,0.61,7.85,-3.47,13.68,-11.21,12.4,123268.94,23.27,3.31,39.35,0.08,14,0,36,0
EICHERMOT.NS,10.0,25.0,50,36.0,0.62,7.88,-3.47,15.61,-11.21,13.7,123863.87,23.86,3.39,38.43,0.09,11,0,38,1
EICHERMOT.NS,8.0,20.0,50,36.0,0.61,7.85,-3.47,13.68,-11.21,12.4,123268.94,23.27,3.31,39.35,0.08,14,0,36,0
FEDERALBNK.NS,10.0,15.0,53,35.8,0.18,7.03,-3.65,15.07,-8.64,15.3,99681.45,-0.32,-0.05,41.35,-0.0,7,0,41,5
FEDERALBNK.NS,10.0,10.0,53,35.8,0.18,7.03,-3.65,15.07,-8.64,15.3,99681.45,-0.32,-0.05,41.35,-0.0,7,0,41,5
FEDERALBNK.NS,10.0,20.0,53,35.8,0.18,7.03,-3.65,15.07,-8.64,15.3,99681.45,-0.32,-0.05,41.35,-0.0,7,0,41,5
UPL.NS,5.0,25.0,53,35.8,0.01,6.95,-3.88,12.48,-15.14,10.8,91697.31,-8.3,-1.34,43.85,-0.03,18,0,35,0
UPL.NS,5.0,20.0,53,35.8,0.01,6.95,-3.88,12.48,-15.14,10.8,91697.31,-8.3,-1.34,43.85,-0.03,18,0,35,0
UPL.NS,5.0,10.0,53,35.8,0.01,6.95,-3.88,12.48,-15.14,10.8,91697.31,-8.3,-1.34,43.85,-0.03,18,1,34,0
UPL.NS,5.0,15.0,53,35.8,0.01,6.95,-3.88,12.48,-15.14,10.8,91697.31,-8.3,-1.34,43.85,-0.03,18,1,34,0
FEDERALBNK.NS,10.0,25.0,53,35.8,0.18,7.03,-3.65,15.07,-8.64,15.3,99681.45,-0.32,-0.05,41.35,-0.0,7,0,41,5
RBLBANK.NS,10.0,20.0,48,35.4,1.2,11.21,-4.29,27.15,-9.52,12.7,151952.57,51.95,6.73,37.9,0.18,14,0,33,1
RBLBANK.NS,10.0,25.0,48,35.4,1.2,11.21,-4.29,27.15,-9.52,12.7,151952.57,51.95,6.73,37.9,0.18,14,0,33,1
RBLBANK.NS,10.0,15.0,48,35.4,1.2,11.21,-4.29,27.15,-9.52,12.7,151952.57,51.95,6.73,37.9,0.18,14,0,33,1
RBLBANK.NS,10.0,10.0,48,35.4,1.2,11.21,-4.29,27.15,-9.52,12.7,151952.57,51.95,6.73,37.9,0.18,14,1,32,1
EICHERMOT.NS,10.0,5.0,51,35.3,0.57,7.88,-3.41,15.61,-11.21,13.4,120831.67,20.83,2.99,38.16,0.08,11,8,31,1
EICHERMOT.NS,8.0,5.0,51,35.3,0.57,7.85,-3.41,13.68,-11.21,12.0,120856.84,20.86,2.99,38.77,0.08,14,8,29,0
RBLBANK.NS,8.0,5.0,51,35.3,0.75,10.07,-4.33,24.88,-9.52,11.4,127392.58,27.39,3.84,38.92,0.1,17,14,20,0
FEDERALBNK.NS,10.0,5.0,54,35.2,0.18,7.03,-3.53,15.07,-8.09,14.9,100487.58,0.49,0.08,41.35,0.0,7,7,35,5
M&M.NS,8.0,5.0,54,35.2,0.28,11.49,-5.81,30.37,-12.77,8.7,90738.76,-9.26,-1.5,66.12,-0.02,17,22,15,0
UPL.NS,5.0,5.0,54,35.2,-0.12,6.95,-3.97,12.48,-15.14,10.4,85329.74,-14.67,-2.44,43.84,-0.06,18,11,25,0
CUB.NS,10.0,15.0,40,35.0,0.49,9.52,-4.37,16.97,-9.38,15.3,109543.36,9.54,1.43,37.8,0.04,9,0,28,3
CUB.NS,10.0,5.0,40,35.0,0.49,9.52,-4.37,16.97,-9.38,15.2,109617.01,9.62,1.44,37.75,0.04,9,9,19,3
PTCIL.NS,2.0,10.0,20,35.0,-0.46,9.38,-5.75,18.62,-10.08,7.4,87163.65,-12.84,-4.88,28.92,-0.17,7,1,12,0
CUB.NS,10.0,10.0,40,35.0,0.49,9.52,-4.37,16.97,-9.38,15.3,109543.36,9.54,1.43,37.8,0.04,9,1,27,3
CUB.NS,10.0,25.0,40,35.0,0.49,9.52,-4.37,16.97,-9.38,15.3,109543.36,9.54,1.43,37.8,0.04,9,0,28,3
CUB.NS,10.0,20.0,40,35.0,0.49,9.52,-4.37,16.97,-9.38,15.3,109543.36,9.54,1.43,37.8,0.04,9,0,28,3
ABCAPITAL.NS,10.0,5.0,49,34.7,0.58,9.75,-4.29,16.4,-11.63,14.9,116582.81,16.58,2.42,38.89,0.06,12,13,20,4
INDIGO.NS,10.0,25.0,49,34.7,0.8,9.47,-3.8,17.95,-18.29,14.1,129809.4,29.81,4.14,37.15,0.11,13,0,36,0
RBLBANK.NS,10.0,5.0,49,34.7,1.11,11.42,-4.37,27.15,-9.52,12.4,146330.46,46.33,6.1,38.23,0.16,14,14,20,1
INDIGO.NS,10.0,5.0,49,34.7,1.07,9.47,-3.39,17.95,-7.81,14.0,149532.8,49.53,6.46,27.32,0.24,13,4,32,0
INDIGO.NS,10.0,15.0,49,34.7,0.8,9.47,-3.8,17.95,-18.29,14.1,129809.4,29.81,4.14,37.15,0.11,13,0,36,0
INDIGO.NS,10.0,10.0,49,34.7,0.8,9.47,-3.8,17.95,-18.29,14.1,129809.4,29.81,4.14,37.15,0.11,13,1,35,0
INDIGO.NS,10.0,20.0,49,34.7,0.8,9.47,-3.8,17.95,-18.29,14.1,129809.4,29.81,4.14,37.15,0.11,13,0,36,0
PTCIL.NS,8.0,20.0,18,33.3,1.12,14.13,-5.39,22.65,-7.78,9.7,113479.3,13.48,4.71,25.12,0.19,6,0,12,0
ABCAPITAL.NS,10.0,20.0,48,33.3,0.35,9.57,-4.27,16.4,-11.63,15.6,104054.67,4.05,0.62,39.59,0.02,11,0,33,4
PTCIL.NS,10.0,20.0,18,33.3,1.06,13.97,-5.39,22.65,-7.78,10.9,112145.5,12.15,4.26,25.12,0.17,5,0,13,0
PTCIL.NS,10.0,25.0,18,33.3,1.06,13.97,-5.39,22.65,-7.78,10.9,112145.5,12.15,4.26,25.12,0.17,5,0,13,0
GMRINFRA.NS,10.0,25.0,39,33.3,-0.12,11.13,-5.75,21.1,-15.59,12.7,82077.1,-17.92,-3.73,34.41,-0.11,10,0,27,2
GMRINFRA.NS,10.0,10.0,39,33.3,-0.12,11.13,-5.75,21.1,-15.59,12.7,82077.1,-17.92,-3.73,34.41,-0.11,10,3,24,2
GMRINFRA.NS,10.0,15.0,39,33.3,-0.12,11.13,-5.75,21.1,-15.59,12.7,82077.1,-17.92,-3.73,34.41,-0.11,10,0,27,2
ABCAPITAL.NS,10.0,10.0,48,33.3,0.35,9.57,-4.27,16.4,-11.63,15.6,104054.67,4.05,0.62,39.59,0.02,11,2,31,4
ABCAPITAL.NS,10.0,15.0,48,33.3,0.35,9.57,-4.27,16.4,-11.63,15.6,104054.67,4.05,0.62,39.59,0.02,11,0,33,4
PTCIL.NS,8.0,25.0,18,33.3,1.12,14.13,-5.39,22.65,-7.78,9.7,113479.3,13.48,4.71,25.12,0.19,6,0,12,0
PTCIL.NS,8.0,15.0,18,33.3,1.12,14.13,-5.39,22.65,-7.78,9.7,113479.3,13.48,4.71,25.12,0.19,6,0,12,0
GMRINFRA.NS,10.0,20.0,39,33.3,-0.12,11.13,-5.75,21.1,-15.59,12.7,82077.1,-17.92,-3.73,34.41,-0.11,10,0,27,2
PTCIL.NS,3.0,15.0,18,33.3,0.51,12.31,-5.39,22.65,-7.78,8.7,102865.3,2.87,1.03,25.12,0.04,6,0,12,0
PTCIL.NS,3.0,20.0,18,33.3,0.51,12.31,-5.39,22.65,-7.78,8.7,102865.3,2.87,1.03,25.12,0.04,6,0,12,0
PTCIL.NS,3.0,25.0,18,33.3,0.51,12.31,-5.39,22.65,-7.78,8.7,102865.3,2.87,1.03,25.12,0.04,6,0,12,0
PTCIL.NS,5.0,20.0,18,33.3,0.51,12.31,-5.39,22.65,-7.78,8.7,102865.3,2.87,1.03,25.12,0.04,6,0,12,0
PTCIL.NS,10.0,15.0,18,33.3,1.06,13.97,-5.39,22.65,-7.78,10.9,112145.5,12.15,4.26,25.12,0.17,5,0,13,0
ABCAPITAL.NS,10.0,25.0,48,33.3,0.35,9.57,-4.27,16.4,-11.63,15.6,104054.67,4.05,0.62,39.59,0.02,11,0,33,4
PTCIL.NS,5.0,25.0,18,33.3,0.51,12.31,-5.39,22.65,-7.78,8.7,102865.3,2.87,1.03,25.12,0.04,6,0,12,0
PTCIL.NS,5.0,15.0,18,33.3,0.51,12.31,-5.39,22.65,-7.78,8.7,102865.3,2.87,1.03,25.12,0.04,6,0,12,0
GMRINFRA.NS,10.0,5.0,41,31.7,-0.06,11.13,-5.25,21.1,-15.59,12.0,84833.07,-15.17,-3.11,33.84,-0.09,10,14,15,2
PTCIL.NS,10.0,10.0,19,31.6,0.66,14.57,-5.75,22.65,-10.08,11.2,102055.95,2.06,0.74,25.24,0.03,5,1,13,0
PTCIL.NS,3.0,10.0,19,31.6,-0.55,10.72,-5.75,22.65,-10.08,8.4,86039.65,-13.96,-5.33,28.82,-0.18,6,1,12,0
PTCIL.NS,5.0,10.0,19,31.6,0.14,12.91,-5.75,22.65,-10.08,9.1,95218.85,-4.78,-1.77,25.24,-0.07,6,1,12,0
PTCIL.NS,8.0,10.0,19,31.6,0.71,14.73,-5.75,22.65,-10.08,10.1,103069.85,3.07,1.11,25.24,0.04,6,1,12,0
PTCIL.NS,8.0,5.0,20,30.0,0.7,14.06,-5.03,18.62,-7.53,8.2,103818.85,3.82,1.37,20.76,0.07,6,9,5,0
PTCIL.NS,5.0,5.0,20,30.0,0.15,12.24,-5.03,18.62,-7.53,7.2,95867.85,-4.13,-1.53,21.33,-0.07,6,9,5,0
PTCIL.NS,2.0,5.0,20,30.0,-0.51,10.03,-5.03,18.62,-7.53,5.8,86319.65,-13.68,-5.22,26.15,-0.2,6,9,5,0
PTCIL.NS,3.0,5.0,20,30.0,-0.5,10.05,-5.03,18.62,-7.53,6.5,86429.65,-13.57,-5.17,26.04,-0.2,6,9,5,0
PTCIL.NS,10.0,5.0,20,30.0,0.65,13.9,-5.03,18.62,-7.53,9.2,103464.95,3.46,1.25,20.76,0.06,5,9,6,0
M&M.NS,10.0,10.0,50,28.0,-0.62,13.3,-6.03,29.7,-12.96,10.7,57756.29,-42.24,-8.2,72.76,-0.11,12,7,31,0
M&M.NS,10.0,25.0,50,28.0,-0.71,13.3,-6.15,29.7,-14.23,10.8,54991.16,-45.01,-8.9,72.76,-0.12,12,0,38,0
M&M.NS,10.0,20.0,50,28.0,-0.71,13.3,-6.15,29.7,-14.23,10.8,54991.16,-45.01,-8.9,72.76,-0.12,12,0,38,0
M&M.NS,10.0,15.0,50,28.0,-0.71,13.3,-6.15,29.7,-14.23,10.8,54991.16,-45.01,-8.9,72.76,-0.12,12,0,38,0
UPL.NS,10.0,25.0,47,27.7,-0.42,8.52,-3.84,13.59,-15.14,14.0,74864.62,-25.14,-4.41,48.19,-0.09,7,0,35,5
UPL.NS,10.0,15.0,47,27.7,-0.42,8.52,-3.84,13.59,-15.14,14.0,74864.62,-25.14,-4.41,48.19,-0.09,7,1,34,5
UPL.NS,10.0,20.0,47,27.7,-0.42,8.52,-3.84,13.59,-15.14,14.0,74864.62,-25.14,-4.41,48.19,-0.09,7,0,35,5
UPL.NS,10.0,10.0,47,27.7,-0.42,8.52,-3.84,13.59,-15.14,14.0,74864.62,-25.14,-4.41,48.19,-0.09,7,1,34,5
UPL.NS,8.0,20.0,48,27.1,-0.46,8.52,-3.79,12.48,-15.14,13.4,73324.7,-26.68,-4.71,48.27,-0.1,10,0,36,2
UPL.NS,8.0,10.0,48,27.1,-0.46,8.52,-3.79,12.48,-15.14,13.4,73324.7,-26.68,-4.71,48.27,-0.1,10,1,35,2
UPL.NS,8.0,15.0,48,27.1,-0.46,8.52,-3.79,12.48,-15.14,13.4,73324.7,-26.68,-4.71,48.27,-0.1,10,1,35,2
UPL.NS,8.0,25.0,48,27.1,-0.46,8.52,-3.79,12.48,-15.14,13.4,73324.7,-26.68,-4.71,48.27,-0.1,10,0,36,2
UPL.NS,10.0,5.0,48,27.1,-0.56,8.52,-3.93,13.59,-15.14,13.6,69654.04,-30.35,-5.47,48.18,-0.11,7,11,25,5
UPL.NS,8.0,5.0,49,26.5,-0.59,8.52,-3.88,12.48,-15.14,13.0,68221.59,-31.78,-5.78,48.26,-0.12,10,11,26,2
M&M.NS,10.0,5.0,53,26.4,-0.56,13.78,-5.71,30.37,-12.77,9.7,57617.13,-42.38,-8.23,71.19,-0.12,12,23,18,0
